,pred,datetime,hour,day,model
0,80.293695586285,2021-07-01 00:00:00,0,2021-07-01,Random Forest
1,43.35261401603673,2021-07-01 01:00:00,1,2021-07-01,Random Forest
2,28.45139565603293,2021-07-01 02:00:00,2,2021-07-01,Random Forest
3,40.4656033918059,2021-07-01 03:00:00,3,2021-07-01,Random Forest
4,113.96277131953943,2021-07-01 04:00:00,4,2021-07-01,Random Forest
5,523.076855795444,2021-07-01 05:00:00,5,2021-07-01,Random Forest
6,1178.9809778275644,2021-07-01 06:00:00,6,2021-07-01,Random Forest
7,971.8207672023075,2021-07-01 07:00:00,7,2021-07-01,Random Forest
8,565.5535535067947,2021-07-01 08:00:00,8,2021-07-01,Random Forest
9,569.894178365318,2021-07-01 09:00:00,9,2021-07-01,Random Forest
10,598.3046072278684,2021-07-01 10:00:00,10,2021-07-01,Random Forest
11,766.1342062015224,2021-07-01 11:00:00,11,2021-07-01,Random Forest
12,1121.5071640474212,2021-07-01 12:00:00,12,2021-07-01,Random Forest
13,981.1587404039722,2021-07-01 13:00:00,13,2021-07-01,Random Forest
14,873.132143432722,2021-07-01 14:00:00,14,2021-07-01,Random Forest
15,919.0822235821702,2021-07-01 15:00:00,15,2021-07-01,Random Forest
16,1136.9168494699607,2021-07-01 16:00:00,16,2021-07-01,Random Forest
17,1106.0759684886618,2021-07-01 17:00:00,17,2021-07-01,Random Forest
18,1005.6744149235184,2021-07-01 18:00:00,18,2021-07-01,Random Forest
19,792.0988326291292,2021-07-01 19:00:00,19,2021-07-01,Random Forest
20,585.220085034602,2021-07-01 20:00:00,20,2021-07-01,Random Forest
21,518.2155925196672,2021-07-01 21:00:00,21,2021-07-01,Random Forest
22,456.3507914235572,2021-07-01 22:00:00,22,2021-07-01,Random Forest
23,261.30285950836503,2021-07-01 23:00:00,23,2021-07-01,Random Forest
24,138.42289657370355,2021-07-02 00:00:00,0,2021-07-02,Random Forest
25,83.58512687056268,2021-07-02 01:00:00,1,2021-07-02,Random Forest
26,48.926967205329575,2021-07-02 02:00:00,2,2021-07-02,Random Forest
27,50.43566673334966,2021-07-02 03:00:00,3,2021-07-02,Random Forest
28,119.0990321748066,2021-07-02 04:00:00,4,2021-07-02,Random Forest
29,484.15701021560744,2021-07-02 05:00:00,5,2021-07-02,Random Forest
30,1054.2277384423348,2021-07-02 06:00:00,6,2021-07-02,Random Forest
31,919.7429652058973,2021-07-02 07:00:00,7,2021-07-02,Random Forest
32,589.9125437394106,2021-07-02 08:00:00,8,2021-07-02,Random Forest
33,569.1614193860261,2021-07-02 09:00:00,9,2021-07-02,Random Forest
34,603.7655051359045,2021-07-02 10:00:00,10,2021-07-02,Random Forest
35,731.1829491551325,2021-07-02 11:00:00,11,2021-07-02,Random Forest
36,1124.3252834668797,2021-07-02 12:00:00,12,2021-07-02,Random Forest
37,1075.6952040794379,2021-07-02 13:00:00,13,2021-07-02,Random Forest
38,877.7517244609908,2021-07-02 14:00:00,14,2021-07-02,Random Forest
39,899.8262403502175,2021-07-02 15:00:00,15,2021-07-02,Random Forest
40,985.20609396041,2021-07-02 16:00:00,16,2021-07-02,Random Forest
41,1028.9377398589577,2021-07-02 17:00:00,17,2021-07-02,Random Forest
42,906.7871966010418,2021-07-02 18:00:00,18,2021-07-02,Random Forest
43,756.3228369442753,2021-07-02 19:00:00,19,2021-07-02,Random Forest
44,563.4232107145222,2021-07-02 20:00:00,20,2021-07-02,Random Forest
45,519.9331142026474,2021-07-02 21:00:00,21,2021-07-02,Random Forest
46,483.01368186164177,2021-07-02 22:00:00,22,2021-07-02,Random Forest
47,384.2695804299229,2021-07-02 23:00:00,23,2021-07-02,Random Forest
48,263.1568052114162,2021-07-03 00:00:00,0,2021-07-03,Random Forest
49,158.43264630642258,2021-07-03 01:00:00,1,2021-07-03,Random Forest
50,102.82857309483629,2021-07-03 02:00:00,2,2021-07-03,Random Forest
51,79.19644138301581,2021-07-03 03:00:00,3,2021-07-03,Random Forest
52,73.65310761984443,2021-07-03 04:00:00,4,2021-07-03,Random Forest
53,87.18518372295235,2021-07-03 05:00:00,5,2021-07-03,Random Forest
54,185.05640432115612,2021-07-03 06:00:00,6,2021-07-03,Random Forest
55,315.86822428996715,2021-07-03 07:00:00,7,2021-07-03,Random Forest
56,408.6735517919421,2021-07-03 08:00:00,8,2021-07-03,Random Forest
57,525.2220646938722,2021-07-03 09:00:00,9,2021-07-03,Random Forest
58,606.9207005298468,2021-07-03 10:00:00,10,2021-07-03,Random Forest
59,725.7213324049375,2021-07-03 11:00:00,11,2021-07-03,Random Forest
60,806.1625916893402,2021-07-03 12:00:00,12,2021-07-03,Random Forest
61,566.7914708762536,2021-07-03 13:00:00,13,2021-07-03,Random Forest
62,569.461107770083,2021-07-03 14:00:00,14,2021-07-03,Random Forest
63,660.5703186600405,2021-07-03 15:00:00,15,2021-07-03,Random Forest
64,737.2074516142569,2021-07-03 16:00:00,16,2021-07-03,Random Forest
65,782.4376568660387,2021-07-03 17:00:00,17,2021-07-03,Random Forest
66,721.2198206246212,2021-07-03 18:00:00,18,2021-07-03,Random Forest
67,636.3373548955599,2021-07-03 19:00:00,19,2021-07-03,Random Forest
68,519.7951336267887,2021-07-03 20:00:00,20,2021-07-03,Random Forest
69,503.4260018805739,2021-07-03 21:00:00,21,2021-07-03,Random Forest
70,489.40165848469087,2021-07-03 22:00:00,22,2021-07-03,Random Forest
71,451.842002199554,2021-07-03 23:00:00,23,2021-07-03,Random Forest
72,317.05050750254867,2021-07-04 00:00:00,0,2021-07-04,Random Forest
73,192.50249756443748,2021-07-04 01:00:00,1,2021-07-04,Random Forest
74,124.58127076634113,2021-07-04 02:00:00,2,2021-07-04,Random Forest
75,93.33707235141668,2021-07-04 03:00:00,3,2021-07-04,Random Forest
76,80.7284548116742,2021-07-04 04:00:00,4,2021-07-04,Random Forest
77,78.07686463686035,2021-07-04 05:00:00,5,2021-07-04,Random Forest
78,147.29865926790583,2021-07-04 06:00:00,6,2021-07-04,Random Forest
79,249.0685938354262,2021-07-04 07:00:00,7,2021-07-04,Random Forest
80,349.4979422298452,2021-07-04 08:00:00,8,2021-07-04,Random Forest
81,406.3693785514734,2021-07-04 09:00:00,9,2021-07-04,Random Forest
82,531.3242281776226,2021-07-04 10:00:00,10,2021-07-04,Random Forest
83,666.4039128877428,2021-07-04 11:00:00,11,2021-07-04,Random Forest
84,658.0239817261464,2021-07-04 12:00:00,12,2021-07-04,Random Forest
85,555.5244603735699,2021-07-04 13:00:00,13,2021-07-04,Random Forest
86,565.3048609556577,2021-07-04 14:00:00,14,2021-07-04,Random Forest
87,627.4219034670382,2021-07-04 15:00:00,15,2021-07-04,Random Forest
88,675.0560932924932,2021-07-04 16:00:00,16,2021-07-04,Random Forest
89,699.2521794865914,2021-07-04 17:00:00,17,2021-07-04,Random Forest
90,669.1348279038689,2021-07-04 18:00:00,18,2021-07-04,Random Forest
91,525.5837670328374,2021-07-04 19:00:00,19,2021-07-04,Random Forest
92,492.3071356026613,2021-07-04 20:00:00,20,2021-07-04,Random Forest
93,477.3989315223831,2021-07-04 21:00:00,21,2021-07-04,Random Forest
94,377.9835178697594,2021-07-04 22:00:00,22,2021-07-04,Random Forest
95,293.72394834261786,2021-07-04 23:00:00,23,2021-07-04,Random Forest
96,182.60972144929983,2021-07-05 00:00:00,0,2021-07-05,Random Forest
97,97.8598116642535,2021-07-05 01:00:00,1,2021-07-05,Random Forest
98,83.25518194647022,2021-07-05 02:00:00,2,2021-07-05,Random Forest
99,61.94440972542723,2021-07-05 03:00:00,3,2021-07-05,Random Forest
100,110.96635933613966,2021-07-05 04:00:00,4,2021-07-05,Random Forest
101,470.74046261774396,2021-07-05 05:00:00,5,2021-07-05,Random Forest
102,953.9440970056775,2021-07-05 06:00:00,6,2021-07-05,Random Forest
103,839.0457228592385,2021-07-05 07:00:00,7,2021-07-05,Random Forest
104,492.7143407909028,2021-07-05 08:00:00,8,2021-07-05,Random Forest
105,468.9698461047155,2021-07-05 09:00:00,9,2021-07-05,Random Forest
106,539.7953499032167,2021-07-05 10:00:00,10,2021-07-05,Random Forest
107,656.1606437079031,2021-07-05 11:00:00,11,2021-07-05,Random Forest
108,944.7853330309033,2021-07-05 12:00:00,12,2021-07-05,Random Forest
109,859.5118580201218,2021-07-05 13:00:00,13,2021-07-05,Random Forest
110,749.2095666468854,2021-07-05 14:00:00,14,2021-07-05,Random Forest
111,774.3058252768236,2021-07-05 15:00:00,15,2021-07-05,Random Forest
112,1123.9647366103218,2021-07-05 16:00:00,16,2021-07-05,Random Forest
113,1107.053282701633,2021-07-05 17:00:00,17,2021-07-05,Random Forest
114,1033.2339157174745,2021-07-05 18:00:00,18,2021-07-05,Random Forest
115,801.9243362622078,2021-07-05 19:00:00,19,2021-07-05,Random Forest
116,507.1547603913921,2021-07-05 20:00:00,20,2021-07-05,Random Forest
117,463.65090820115466,2021-07-05 21:00:00,21,2021-07-05,Random Forest
118,344.9357542442401,2021-07-05 22:00:00,22,2021-07-05,Random Forest
119,197.32523773995143,2021-07-05 23:00:00,23,2021-07-05,Random Forest
120,107.98127642965191,2021-07-06 00:00:00,0,2021-07-06,Random Forest
121,78.45613003178428,2021-07-06 01:00:00,1,2021-07-06,Random Forest
122,53.4255824636113,2021-07-06 02:00:00,2,2021-07-06,Random Forest
123,43.857359709897935,2021-07-06 03:00:00,3,2021-07-06,Random Forest
124,113.88522822858546,2021-07-06 04:00:00,4,2021-07-06,Random Forest
125,472.86508753629624,2021-07-06 05:00:00,5,2021-07-06,Random Forest
126,1078.281010620451,2021-07-06 06:00:00,6,2021-07-06,Random Forest
127,920.4948423039086,2021-07-06 07:00:00,7,2021-07-06,Random Forest
128,511.2173363139538,2021-07-06 08:00:00,8,2021-07-06,Random Forest
129,492.3581155322791,2021-07-06 09:00:00,9,2021-07-06,Random Forest
130,556.1978934311605,2021-07-06 10:00:00,10,2021-07-06,Random Forest
131,720.354987804263,2021-07-06 11:00:00,11,2021-07-06,Random Forest
132,1007.4246313611504,2021-07-06 12:00:00,12,2021-07-06,Random Forest
133,914.6126058065202,2021-07-06 13:00:00,13,2021-07-06,Random Forest
134,815.0322223380989,2021-07-06 14:00:00,14,2021-07-06,Random Forest
135,849.901861420098,2021-07-06 15:00:00,15,2021-07-06,Random Forest
136,1175.7808116931894,2021-07-06 16:00:00,16,2021-07-06,Random Forest
137,1145.1107493468187,2021-07-06 17:00:00,17,2021-07-06,Random Forest
138,1070.914342939822,2021-07-06 18:00:00,18,2021-07-06,Random Forest
139,850.4251326870218,2021-07-06 19:00:00,19,2021-07-06,Random Forest
140,558.3882648073798,2021-07-06 20:00:00,20,2021-07-06,Random Forest
141,484.6301686888156,2021-07-06 21:00:00,21,2021-07-06,Random Forest
142,347.6310853155203,2021-07-06 22:00:00,22,2021-07-06,Random Forest
143,191.84486903126526,2021-07-06 23:00:00,23,2021-07-06,Random Forest
144,105.86437536412545,2021-07-07 00:00:00,0,2021-07-07,Random Forest
145,72.0200341439226,2021-07-07 01:00:00,1,2021-07-07,Random Forest
146,54.52445365345008,2021-07-07 02:00:00,2,2021-07-07,Random Forest
147,44.12389235649178,2021-07-07 03:00:00,3,2021-07-07,Random Forest
148,112.31315086370608,2021-07-07 04:00:00,4,2021-07-07,Random Forest
149,478.26192350221106,2021-07-07 05:00:00,5,2021-07-07,Random Forest
150,1121.9102543587042,2021-07-07 06:00:00,6,2021-07-07,Random Forest
151,949.1111749123659,2021-07-07 07:00:00,7,2021-07-07,Random Forest
152,568.7129583950823,2021-07-07 08:00:00,8,2021-07-07,Random Forest
153,498.2186281419731,2021-07-07 09:00:00,9,2021-07-07,Random Forest
154,553.8784533829669,2021-07-07 10:00:00,10,2021-07-07,Random Forest
155,723.0950790054251,2021-07-07 11:00:00,11,2021-07-07,Random Forest
156,1039.0813108386867,2021-07-07 12:00:00,12,2021-07-07,Random Forest
157,937.5991920027124,2021-07-07 13:00:00,13,2021-07-07,Random Forest
158,844.6766779161859,2021-07-07 14:00:00,14,2021-07-07,Random Forest
159,855.7674679732696,2021-07-07 15:00:00,15,2021-07-07,Random Forest
160,1153.067646856679,2021-07-07 16:00:00,16,2021-07-07,Random Forest
161,1103.3279085456184,2021-07-07 17:00:00,17,2021-07-07,Random Forest
162,961.2251000243446,2021-07-07 18:00:00,18,2021-07-07,Random Forest
163,802.9363196255129,2021-07-07 19:00:00,19,2021-07-07,Random Forest
164,559.6248492160296,2021-07-07 20:00:00,20,2021-07-07,Random Forest
165,426.03158355359955,2021-07-07 21:00:00,21,2021-07-07,Random Forest
166,354.64013727893774,2021-07-07 22:00:00,22,2021-07-07,Random Forest
167,208.08221453757088,2021-07-07 23:00:00,23,2021-07-07,Random Forest
168,110.42854774724641,2021-07-08 00:00:00,0,2021-07-08,Random Forest
169,74.05037237606038,2021-07-08 01:00:00,1,2021-07-08,Random Forest
170,45.57116980034072,2021-07-08 02:00:00,2,2021-07-08,Random Forest
171,41.19758182546568,2021-07-08 03:00:00,3,2021-07-08,Random Forest
172,111.07083956340726,2021-07-08 04:00:00,4,2021-07-08,Random Forest
173,480.89207503957084,2021-07-08 05:00:00,5,2021-07-08,Random Forest
174,1129.1048909481963,2021-07-08 06:00:00,6,2021-07-08,Random Forest
175,958.0107409830842,2021-07-08 07:00:00,7,2021-07-08,Random Forest
176,572.3987781202915,2021-07-08 08:00:00,8,2021-07-08,Random Forest
177,541.4982659079802,2021-07-08 09:00:00,9,2021-07-08,Random Forest
178,573.9376640332598,2021-07-08 10:00:00,10,2021-07-08,Random Forest
179,709.817321782598,2021-07-08 11:00:00,11,2021-07-08,Random Forest
180,1071.7085640403172,2021-07-08 12:00:00,12,2021-07-08,Random Forest
181,954.3152496292066,2021-07-08 13:00:00,13,2021-07-08,Random Forest
182,849.3974535413226,2021-07-08 14:00:00,14,2021-07-08,Random Forest
183,897.5482915632247,2021-07-08 15:00:00,15,2021-07-08,Random Forest
184,1158.2186605097509,2021-07-08 16:00:00,16,2021-07-08,Random Forest
185,1097.2754280853667,2021-07-08 17:00:00,17,2021-07-08,Random Forest
186,969.7676642834147,2021-07-08 18:00:00,18,2021-07-08,Random Forest
187,816.7793385241741,2021-07-08 19:00:00,19,2021-07-08,Random Forest
188,571.7669011906949,2021-07-08 20:00:00,20,2021-07-08,Random Forest
189,491.803354314794,2021-07-08 21:00:00,21,2021-07-08,Random Forest
190,439.491880535212,2021-07-08 22:00:00,22,2021-07-08,Random Forest
191,279.3748931645043,2021-07-08 23:00:00,23,2021-07-08,Random Forest
192,152.26828948597955,2021-07-09 00:00:00,0,2021-07-09,Random Forest
193,91.91137257135512,2021-07-09 01:00:00,1,2021-07-09,Random Forest
194,66.6296016641187,2021-07-09 02:00:00,2,2021-07-09,Random Forest
195,52.28850335083312,2021-07-09 03:00:00,3,2021-07-09,Random Forest
196,108.74578376260553,2021-07-09 04:00:00,4,2021-07-09,Random Forest
197,472.6529904671453,2021-07-09 05:00:00,5,2021-07-09,Random Forest
198,1082.9675513705038,2021-07-09 06:00:00,6,2021-07-09,Random Forest
199,941.6073910268859,2021-07-09 07:00:00,7,2021-07-09,Random Forest
200,572.8324989554618,2021-07-09 08:00:00,8,2021-07-09,Random Forest
201,552.8217744715406,2021-07-09 09:00:00,9,2021-07-09,Random Forest
202,578.5710729981307,2021-07-09 10:00:00,10,2021-07-09,Random Forest
203,704.6805722242302,2021-07-09 11:00:00,11,2021-07-09,Random Forest
204,1077.2043153051084,2021-07-09 12:00:00,12,2021-07-09,Random Forest
205,1030.9050285981848,2021-07-09 13:00:00,13,2021-07-09,Random Forest
206,859.0479683446545,2021-07-09 14:00:00,14,2021-07-09,Random Forest
207,898.4110573930953,2021-07-09 15:00:00,15,2021-07-09,Random Forest
208,982.2847526522614,2021-07-09 16:00:00,16,2021-07-09,Random Forest
209,1025.8735902517633,2021-07-09 17:00:00,17,2021-07-09,Random Forest
210,916.8988080905754,2021-07-09 18:00:00,18,2021-07-09,Random Forest
211,782.8361544878015,2021-07-09 19:00:00,19,2021-07-09,Random Forest
212,570.17860584882,2021-07-09 20:00:00,20,2021-07-09,Random Forest
213,501.64786167418146,2021-07-09 21:00:00,21,2021-07-09,Random Forest
214,459.7679899976678,2021-07-09 22:00:00,22,2021-07-09,Random Forest
215,335.715515114668,2021-07-09 23:00:00,23,2021-07-09,Random Forest
216,227.49879233251994,2021-07-10 00:00:00,0,2021-07-10,Random Forest
217,156.92414693404774,2021-07-10 01:00:00,1,2021-07-10,Random Forest
218,103.86992633331684,2021-07-10 02:00:00,2,2021-07-10,Random Forest
219,79.95408428044017,2021-07-10 03:00:00,3,2021-07-10,Random Forest
220,76.61948759014184,2021-07-10 04:00:00,4,2021-07-10,Random Forest
221,97.56894538624557,2021-07-10 05:00:00,5,2021-07-10,Random Forest
222,172.9905341425361,2021-07-10 06:00:00,6,2021-07-10,Random Forest
223,303.8546145610704,2021-07-10 07:00:00,7,2021-07-10,Random Forest
224,382.3140546927119,2021-07-10 08:00:00,8,2021-07-10,Random Forest
225,512.5643229056772,2021-07-10 09:00:00,9,2021-07-10,Random Forest
226,580.2669517562612,2021-07-10 10:00:00,10,2021-07-10,Random Forest
227,686.9885727616746,2021-07-10 11:00:00,11,2021-07-10,Random Forest
228,819.2513976251096,2021-07-10 12:00:00,12,2021-07-10,Random Forest
229,571.9164145136277,2021-07-10 13:00:00,13,2021-07-10,Random Forest
230,574.6810356208748,2021-07-10 14:00:00,14,2021-07-10,Random Forest
231,664.5414793850908,2021-07-10 15:00:00,15,2021-07-10,Random Forest
232,743.9407003145112,2021-07-10 16:00:00,16,2021-07-10,Random Forest
233,774.1968470627953,2021-07-10 17:00:00,17,2021-07-10,Random Forest
234,720.7437412273903,2021-07-10 18:00:00,18,2021-07-10,Random Forest
235,636.3906437562557,2021-07-10 19:00:00,19,2021-07-10,Random Forest
236,519.2948064054552,2021-07-10 20:00:00,20,2021-07-10,Random Forest
237,510.32881161725845,2021-07-10 21:00:00,21,2021-07-10,Random Forest
238,464.4809301164785,2021-07-10 22:00:00,22,2021-07-10,Random Forest
239,397.0476960410257,2021-07-10 23:00:00,23,2021-07-10,Random Forest
240,322.2212610623064,2021-07-11 00:00:00,0,2021-07-11,Random Forest
241,207.90370609637077,2021-07-11 01:00:00,1,2021-07-11,Random Forest
242,126.32858137240173,2021-07-11 02:00:00,2,2021-07-11,Random Forest
243,93.33707235141668,2021-07-11 03:00:00,3,2021-07-11,Random Forest
244,79.4399683068726,2021-07-11 04:00:00,4,2021-07-11,Random Forest
245,74.2510406484459,2021-07-11 05:00:00,5,2021-07-11,Random Forest
246,142.08414945708677,2021-07-11 06:00:00,6,2021-07-11,Random Forest
247,215.62748576219005,2021-07-11 07:00:00,7,2021-07-11,Random Forest
248,320.11196563915894,2021-07-11 08:00:00,8,2021-07-11,Random Forest
249,390.2882909563191,2021-07-11 09:00:00,9,2021-07-11,Random Forest
250,529.4198573146167,2021-07-11 10:00:00,10,2021-07-11,Random Forest
251,656.170458887409,2021-07-11 11:00:00,11,2021-07-11,Random Forest
252,682.9214235764676,2021-07-11 12:00:00,12,2021-07-11,Random Forest
253,576.092145678696,2021-07-11 13:00:00,13,2021-07-11,Random Forest
254,571.6632830671227,2021-07-11 14:00:00,14,2021-07-11,Random Forest
255,628.2530754009732,2021-07-11 15:00:00,15,2021-07-11,Random Forest
256,676.5737769768679,2021-07-11 16:00:00,16,2021-07-11,Random Forest
257,701.575763618532,2021-07-11 17:00:00,17,2021-07-11,Random Forest
258,672.7481091011329,2021-07-11 18:00:00,18,2021-07-11,Random Forest
259,544.575417125909,2021-07-11 19:00:00,19,2021-07-11,Random Forest
260,497.53715902388575,2021-07-11 20:00:00,20,2021-07-11,Random Forest
261,478.7872131723216,2021-07-11 21:00:00,21,2021-07-11,Random Forest
262,372.17669630253823,2021-07-11 22:00:00,22,2021-07-11,Random Forest
263,317.34811298660696,2021-07-11 23:00:00,23,2021-07-11,Random Forest
264,201.07027632793196,2021-07-12 00:00:00,0,2021-07-12,Random Forest
265,130.53929362188637,2021-07-12 01:00:00,1,2021-07-12,Random Forest
266,97.09942379601554,2021-07-12 02:00:00,2,2021-07-12,Random Forest
267,79.32110312944933,2021-07-12 03:00:00,3,2021-07-12,Random Forest
268,164.1325980720941,2021-07-12 04:00:00,4,2021-07-12,Random Forest
269,448.2753442050044,2021-07-12 05:00:00,5,2021-07-12,Random Forest
270,864.0045946027763,2021-07-12 06:00:00,6,2021-07-12,Random Forest
271,800.2291214893008,2021-07-12 07:00:00,7,2021-07-12,Random Forest
272,491.75904831990033,2021-07-12 08:00:00,8,2021-07-12,Random Forest
273,457.73167558261355,2021-07-12 09:00:00,9,2021-07-12,Random Forest
274,534.5006260484373,2021-07-12 10:00:00,10,2021-07-12,Random Forest
275,647.5155226842693,2021-07-12 11:00:00,11,2021-07-12,Random Forest
276,890.0824684532162,2021-07-12 12:00:00,12,2021-07-12,Random Forest
277,817.9554023014686,2021-07-12 13:00:00,13,2021-07-12,Random Forest
278,751.1405321324294,2021-07-12 14:00:00,14,2021-07-12,Random Forest
279,771.157908828479,2021-07-12 15:00:00,15,2021-07-12,Random Forest
280,1071.7860040588234,2021-07-12 16:00:00,16,2021-07-12,Random Forest
281,1032.7099794396834,2021-07-12 17:00:00,17,2021-07-12,Random Forest
282,907.4556708002939,2021-07-12 18:00:00,18,2021-07-12,Random Forest
283,765.9085422278641,2021-07-12 19:00:00,19,2021-07-12,Random Forest
284,554.9149141470339,2021-07-12 20:00:00,20,2021-07-12,Random Forest
285,460.4979791737401,2021-07-12 21:00:00,21,2021-07-12,Random Forest
286,347.0115873363477,2021-07-12 22:00:00,22,2021-07-12,Random Forest
287,205.3488336603784,2021-07-12 23:00:00,23,2021-07-12,Random Forest
288,133.21352820921737,2021-07-13 00:00:00,0,2021-07-13,Random Forest
289,93.14823549520388,2021-07-13 01:00:00,1,2021-07-13,Random Forest
290,75.46134051781154,2021-07-13 02:00:00,2,2021-07-13,Random Forest
291,55.32943818863705,2021-07-13 03:00:00,3,2021-07-13,Random Forest
292,110.6983559130386,2021-07-13 04:00:00,4,2021-07-13,Random Forest
293,415.3745597119733,2021-07-13 05:00:00,5,2021-07-13,Random Forest
294,1028.5593713499543,2021-07-13 06:00:00,6,2021-07-13,Random Forest
295,896.8326489568675,2021-07-13 07:00:00,7,2021-07-13,Random Forest
296,512.3957291595186,2021-07-13 08:00:00,8,2021-07-13,Random Forest
297,484.66126286859236,2021-07-13 09:00:00,9,2021-07-13,Random Forest
298,551.8165656170288,2021-07-13 10:00:00,10,2021-07-13,Random Forest
299,678.1592842910032,2021-07-13 11:00:00,11,2021-07-13,Random Forest
300,951.9939588961768,2021-07-13 12:00:00,12,2021-07-13,Random Forest
301,877.9403532776809,2021-07-13 13:00:00,13,2021-07-13,Random Forest
302,812.2367367246945,2021-07-13 14:00:00,14,2021-07-13,Random Forest
303,823.503865309772,2021-07-13 15:00:00,15,2021-07-13,Random Forest
304,1146.0768523911993,2021-07-13 16:00:00,16,2021-07-13,Random Forest
305,1089.1966502539353,2021-07-13 17:00:00,17,2021-07-13,Random Forest
306,990.5150816120674,2021-07-13 18:00:00,18,2021-07-13,Random Forest
307,808.9909698001492,2021-07-13 19:00:00,19,2021-07-13,Random Forest
308,565.4677641391088,2021-07-13 20:00:00,20,2021-07-13,Random Forest
309,477.929057690969,2021-07-13 21:00:00,21,2021-07-13,Random Forest
310,346.8394343651896,2021-07-13 22:00:00,22,2021-07-13,Random Forest
311,203.43341085163627,2021-07-13 23:00:00,23,2021-07-13,Random Forest
312,114.76535695764616,2021-07-14 00:00:00,0,2021-07-14,Random Forest
313,82.10184933254698,2021-07-14 01:00:00,1,2021-07-14,Random Forest
314,53.22088532410167,2021-07-14 02:00:00,2,2021-07-14,Random Forest
315,42.35407915368315,2021-07-14 03:00:00,3,2021-07-14,Random Forest
316,106.83246146380193,2021-07-14 04:00:00,4,2021-07-14,Random Forest
317,464.3160171475017,2021-07-14 05:00:00,5,2021-07-14,Random Forest
318,1065.6093428717124,2021-07-14 06:00:00,6,2021-07-14,Random Forest
319,926.6360247627395,2021-07-14 07:00:00,7,2021-07-14,Random Forest
320,558.865729991034,2021-07-14 08:00:00,8,2021-07-14,Random Forest
321,490.0233443201662,2021-07-14 09:00:00,9,2021-07-14,Random Forest
322,546.8329655672774,2021-07-14 10:00:00,10,2021-07-14,Random Forest
323,690.4309347092465,2021-07-14 11:00:00,11,2021-07-14,Random Forest
324,977.1661464080819,2021-07-14 12:00:00,12,2021-07-14,Random Forest
325,918.4961533088203,2021-07-14 13:00:00,13,2021-07-14,Random Forest
326,828.9456677607542,2021-07-14 14:00:00,14,2021-07-14,Random Forest
327,846.3313285873639,2021-07-14 15:00:00,15,2021-07-14,Random Forest
328,1169.467003227541,2021-07-14 16:00:00,16,2021-07-14,Random Forest
329,1103.1981074713692,2021-07-14 17:00:00,17,2021-07-14,Random Forest
330,986.3470165807342,2021-07-14 18:00:00,18,2021-07-14,Random Forest
331,826.0250477475442,2021-07-14 19:00:00,19,2021-07-14,Random Forest
332,573.288594480662,2021-07-14 20:00:00,20,2021-07-14,Random Forest
333,473.9876633195412,2021-07-14 21:00:00,21,2021-07-14,Random Forest
334,350.96872273642526,2021-07-14 22:00:00,22,2021-07-14,Random Forest
335,209.36463324642534,2021-07-14 23:00:00,23,2021-07-14,Random Forest
0,77.1267736146528,2021-07-01 00:00:00,0,2021-07-01,Light GBM
1,38.201458983414156,2021-07-01 01:00:00,1,2021-07-01,Light GBM
2,32.880839101941895,2021-07-01 02:00:00,2,2021-07-01,Light GBM
3,56.4943662024302,2021-07-01 03:00:00,3,2021-07-01,Light GBM
4,122.87559661193839,2021-07-01 04:00:00,4,2021-07-01,Light GBM
5,539.4787429395573,2021-07-01 05:00:00,5,2021-07-01,Light GBM
6,1172.1164302298582,2021-07-01 06:00:00,6,2021-07-01,Light GBM
7,957.5490929726487,2021-07-01 07:00:00,7,2021-07-01,Light GBM
8,549.9265560904545,2021-07-01 08:00:00,8,2021-07-01,Light GBM
9,539.9776113586755,2021-07-01 09:00:00,9,2021-07-01,Light GBM
10,606.791586128256,2021-07-01 10:00:00,10,2021-07-01,Light GBM
11,807.4742002865438,2021-07-01 11:00:00,11,2021-07-01,Light GBM
12,1111.4963340442093,2021-07-01 12:00:00,12,2021-07-01,Light GBM
13,986.2114143171455,2021-07-01 13:00:00,13,2021-07-01,Light GBM
14,837.8456587014504,2021-07-01 14:00:00,14,2021-07-01,Light GBM
15,893.5127609745326,2021-07-01 15:00:00,15,2021-07-01,Light GBM
16,1180.5492212610668,2021-07-01 16:00:00,16,2021-07-01,Light GBM
17,1180.6103485525089,2021-07-01 17:00:00,17,2021-07-01,Light GBM
18,952.2806665849723,2021-07-01 18:00:00,18,2021-07-01,Light GBM
19,690.9796914460894,2021-07-01 19:00:00,19,2021-07-01,Light GBM
20,543.2563481323556,2021-07-01 20:00:00,20,2021-07-01,Light GBM
21,471.40864438515075,2021-07-01 21:00:00,21,2021-07-01,Light GBM
22,414.648988163745,2021-07-01 22:00:00,22,2021-07-01,Light GBM
23,242.61362398854763,2021-07-01 23:00:00,23,2021-07-01,Light GBM
24,126.25127824637369,2021-07-02 00:00:00,0,2021-07-02,Light GBM
25,78.2781137070109,2021-07-02 01:00:00,1,2021-07-02,Light GBM
26,54.55117629584174,2021-07-02 02:00:00,2,2021-07-02,Light GBM
27,57.63500416806556,2021-07-02 03:00:00,3,2021-07-02,Light GBM
28,98.06575338525913,2021-07-02 04:00:00,4,2021-07-02,Light GBM
29,443.49436941211013,2021-07-02 05:00:00,5,2021-07-02,Light GBM
30,1058.7373444320554,2021-07-02 06:00:00,6,2021-07-02,Light GBM
31,891.2314042239492,2021-07-02 07:00:00,7,2021-07-02,Light GBM
32,545.9887439637552,2021-07-02 08:00:00,8,2021-07-02,Light GBM
33,570.2654634639312,2021-07-02 09:00:00,9,2021-07-02,Light GBM
34,632.6268351444029,2021-07-02 10:00:00,10,2021-07-02,Light GBM
35,793.5390325634809,2021-07-02 11:00:00,11,2021-07-02,Light GBM
36,1171.7324984903876,2021-07-02 12:00:00,12,2021-07-02,Light GBM
37,1076.7166083035224,2021-07-02 13:00:00,13,2021-07-02,Light GBM
38,855.3890663031692,2021-07-02 14:00:00,14,2021-07-02,Light GBM
39,891.854648104787,2021-07-02 15:00:00,15,2021-07-02,Light GBM
40,1087.0385226599055,2021-07-02 16:00:00,16,2021-07-02,Light GBM
41,1098.8504177388893,2021-07-02 17:00:00,17,2021-07-02,Light GBM
42,904.8621265516555,2021-07-02 18:00:00,18,2021-07-02,Light GBM
43,678.3751798406014,2021-07-02 19:00:00,19,2021-07-02,Light GBM
44,520.0288657928173,2021-07-02 20:00:00,20,2021-07-02,Light GBM
45,497.9733854764486,2021-07-02 21:00:00,21,2021-07-02,Light GBM
46,500.33562168393115,2021-07-02 22:00:00,22,2021-07-02,Light GBM
47,390.316492281765,2021-07-02 23:00:00,23,2021-07-02,Light GBM
48,233.26184139885112,2021-07-03 00:00:00,0,2021-07-03,Light GBM
49,149.74754504248313,2021-07-03 01:00:00,1,2021-07-03,Light GBM
50,101.72677792029404,2021-07-03 02:00:00,2,2021-07-03,Light GBM
51,88.81127138946053,2021-07-03 03:00:00,3,2021-07-03,Light GBM
52,88.55093233400181,2021-07-03 04:00:00,4,2021-07-03,Light GBM
53,162.99011132618682,2021-07-03 05:00:00,5,2021-07-03,Light GBM
54,316.66414864777727,2021-07-03 06:00:00,6,2021-07-03,Light GBM
55,415.6516484066045,2021-07-03 07:00:00,7,2021-07-03,Light GBM
56,477.01813342106556,2021-07-03 08:00:00,8,2021-07-03,Light GBM
57,577.2369474047226,2021-07-03 09:00:00,9,2021-07-03,Light GBM
58,666.9970719345569,2021-07-03 10:00:00,10,2021-07-03,Light GBM
59,759.2200671319982,2021-07-03 11:00:00,11,2021-07-03,Light GBM
60,801.8707893567237,2021-07-03 12:00:00,12,2021-07-03,Light GBM
61,696.0337418651566,2021-07-03 13:00:00,13,2021-07-03,Light GBM
62,648.7452514502311,2021-07-03 14:00:00,14,2021-07-03,Light GBM
63,715.6667321617333,2021-07-03 15:00:00,15,2021-07-03,Light GBM
64,757.364002206944,2021-07-03 16:00:00,16,2021-07-03,Light GBM
65,861.7085045241797,2021-07-03 17:00:00,17,2021-07-03,Light GBM
66,771.9627936485459,2021-07-03 18:00:00,18,2021-07-03,Light GBM
67,588.5462388589206,2021-07-03 19:00:00,19,2021-07-03,Light GBM
68,472.7338529703333,2021-07-03 20:00:00,20,2021-07-03,Light GBM
69,488.17124873424615,2021-07-03 21:00:00,21,2021-07-03,Light GBM
70,525.0425419138412,2021-07-03 22:00:00,22,2021-07-03,Light GBM
71,435.9008949230709,2021-07-03 23:00:00,23,2021-07-03,Light GBM
72,290.56923851390746,2021-07-04 00:00:00,0,2021-07-04,Light GBM
73,167.33937334498304,2021-07-04 01:00:00,1,2021-07-04,Light GBM
74,118.6335397365936,2021-07-04 02:00:00,2,2021-07-04,Light GBM
75,95.6052549490465,2021-07-04 03:00:00,3,2021-07-04,Light GBM
76,93.4078633712418,2021-07-04 04:00:00,4,2021-07-04,Light GBM
77,124.50631656658751,2021-07-04 05:00:00,5,2021-07-04,Light GBM
78,219.37703175069288,2021-07-04 06:00:00,6,2021-07-04,Light GBM
79,313.0719175089521,2021-07-04 07:00:00,7,2021-07-04,Light GBM
80,396.47915401680615,2021-07-04 08:00:00,8,2021-07-04,Light GBM
81,496.53925224375894,2021-07-04 09:00:00,9,2021-07-04,Light GBM
82,584.6825156825737,2021-07-04 10:00:00,10,2021-07-04,Light GBM
83,681.6313136400847,2021-07-04 11:00:00,11,2021-07-04,Light GBM
84,662.3649606932164,2021-07-04 12:00:00,12,2021-07-04,Light GBM
85,515.9501976021197,2021-07-04 13:00:00,13,2021-07-04,Light GBM
86,540.4193159352988,2021-07-04 14:00:00,14,2021-07-04,Light GBM
87,620.1531915983333,2021-07-04 15:00:00,15,2021-07-04,Light GBM
88,665.5155838694704,2021-07-04 16:00:00,16,2021-07-04,Light GBM
89,681.5605690937335,2021-07-04 17:00:00,17,2021-07-04,Light GBM
90,612.370660101525,2021-07-04 18:00:00,18,2021-07-04,Light GBM
91,496.8866338300001,2021-07-04 19:00:00,19,2021-07-04,Light GBM
92,405.2633024346236,2021-07-04 20:00:00,20,2021-07-04,Light GBM
93,364.4582031564344,2021-07-04 21:00:00,21,2021-07-04,Light GBM
94,374.551504903716,2021-07-04 22:00:00,22,2021-07-04,Light GBM
95,275.1828932101269,2021-07-04 23:00:00,23,2021-07-04,Light GBM
96,169.92391363974772,2021-07-05 00:00:00,0,2021-07-05,Light GBM
97,93.56731076272318,2021-07-05 01:00:00,1,2021-07-05,Light GBM
98,77.59315794000872,2021-07-05 02:00:00,2,2021-07-05,Light GBM
99,74.71732663923677,2021-07-05 03:00:00,3,2021-07-05,Light GBM
100,106.81754887471283,2021-07-05 04:00:00,4,2021-07-05,Light GBM
101,376.95662878025365,2021-07-05 05:00:00,5,2021-07-05,Light GBM
102,888.7802308885173,2021-07-05 06:00:00,6,2021-07-05,Light GBM
103,790.6172385583332,2021-07-05 07:00:00,7,2021-07-05,Light GBM
104,467.12799496293474,2021-07-05 08:00:00,8,2021-07-05,Light GBM
105,508.86407410484696,2021-07-05 09:00:00,9,2021-07-05,Light GBM
106,543.1166741661273,2021-07-05 10:00:00,10,2021-07-05,Light GBM
107,679.7621605534649,2021-07-05 11:00:00,11,2021-07-05,Light GBM
108,969.7934459988749,2021-07-05 12:00:00,12,2021-07-05,Light GBM
109,880.9424649496317,2021-07-05 13:00:00,13,2021-07-05,Light GBM
110,747.659551221317,2021-07-05 14:00:00,14,2021-07-05,Light GBM
111,754.9652137200393,2021-07-05 15:00:00,15,2021-07-05,Light GBM
112,1117.3057529981409,2021-07-05 16:00:00,16,2021-07-05,Light GBM
113,1180.7950726259494,2021-07-05 17:00:00,17,2021-07-05,Light GBM
114,1045.114363126686,2021-07-05 18:00:00,18,2021-07-05,Light GBM
115,796.0598735071111,2021-07-05 19:00:00,19,2021-07-05,Light GBM
116,506.77299368317,2021-07-05 20:00:00,20,2021-07-05,Light GBM
117,403.4853785117661,2021-07-05 21:00:00,21,2021-07-05,Light GBM
118,312.8552435778899,2021-07-05 22:00:00,22,2021-07-05,Light GBM
119,198.26787795870675,2021-07-05 23:00:00,23,2021-07-05,Light GBM
120,104.02062079327801,2021-07-06 00:00:00,0,2021-07-06,Light GBM
121,73.22696013028724,2021-07-06 01:00:00,1,2021-07-06,Light GBM
122,60.975978320189135,2021-07-06 02:00:00,2,2021-07-06,Light GBM
123,66.97550820425116,2021-07-06 03:00:00,3,2021-07-06,Light GBM
124,136.91448417806942,2021-07-06 04:00:00,4,2021-07-06,Light GBM
125,502.5788388521696,2021-07-06 05:00:00,5,2021-07-06,Light GBM
126,1040.807514893057,2021-07-06 06:00:00,6,2021-07-06,Light GBM
127,890.0248914959409,2021-07-06 07:00:00,7,2021-07-06,Light GBM
128,521.5457201258964,2021-07-06 08:00:00,8,2021-07-06,Light GBM
129,521.353490234077,2021-07-06 09:00:00,9,2021-07-06,Light GBM
130,572.6521773719383,2021-07-06 10:00:00,10,2021-07-06,Light GBM
131,729.7378699351259,2021-07-06 11:00:00,11,2021-07-06,Light GBM
132,1069.4300018625358,2021-07-06 12:00:00,12,2021-07-06,Light GBM
133,946.1497078990024,2021-07-06 13:00:00,13,2021-07-06,Light GBM
134,812.896843239834,2021-07-06 14:00:00,14,2021-07-06,Light GBM
135,872.6784706093875,2021-07-06 15:00:00,15,2021-07-06,Light GBM
136,1203.7238155831708,2021-07-06 16:00:00,16,2021-07-06,Light GBM
137,1220.3081980304698,2021-07-06 17:00:00,17,2021-07-06,Light GBM
138,1072.9572872969043,2021-07-06 18:00:00,18,2021-07-06,Light GBM
139,800.316811265134,2021-07-06 19:00:00,19,2021-07-06,Light GBM
140,543.9886828421102,2021-07-06 20:00:00,20,2021-07-06,Light GBM
141,448.426211243391,2021-07-06 21:00:00,21,2021-07-06,Light GBM
142,347.21967477335755,2021-07-06 22:00:00,22,2021-07-06,Light GBM
143,194.8874300613187,2021-07-06 23:00:00,23,2021-07-06,Light GBM
144,92.27031944205606,2021-07-07 00:00:00,0,2021-07-07,Light GBM
145,78.53432259318689,2021-07-07 01:00:00,1,2021-07-07,Light GBM
146,68.36173758530792,2021-07-07 02:00:00,2,2021-07-07,Light GBM
147,70.38370826653126,2021-07-07 03:00:00,3,2021-07-07,Light GBM
148,146.77936758745767,2021-07-07 04:00:00,4,2021-07-07,Light GBM
149,494.2091600388817,2021-07-07 05:00:00,5,2021-07-07,Light GBM
150,1048.1228618702728,2021-07-07 06:00:00,6,2021-07-07,Light GBM
151,902.4512097508468,2021-07-07 07:00:00,7,2021-07-07,Light GBM
152,556.6210219392846,2021-07-07 08:00:00,8,2021-07-07,Light GBM
153,532.6522656161395,2021-07-07 09:00:00,9,2021-07-07,Light GBM
154,587.6871171798397,2021-07-07 10:00:00,10,2021-07-07,Light GBM
155,760.5632810077149,2021-07-07 11:00:00,11,2021-07-07,Light GBM
156,1063.2485519761601,2021-07-07 12:00:00,12,2021-07-07,Light GBM
157,949.2700532691907,2021-07-07 13:00:00,13,2021-07-07,Light GBM
158,855.4517365780805,2021-07-07 14:00:00,14,2021-07-07,Light GBM
159,906.9794067599593,2021-07-07 15:00:00,15,2021-07-07,Light GBM
160,1249.0572735241078,2021-07-07 16:00:00,16,2021-07-07,Light GBM
161,1271.7843773851162,2021-07-07 17:00:00,17,2021-07-07,Light GBM
162,1076.9679284188758,2021-07-07 18:00:00,18,2021-07-07,Light GBM
163,832.4010214675641,2021-07-07 19:00:00,19,2021-07-07,Light GBM
164,547.247575297386,2021-07-07 20:00:00,20,2021-07-07,Light GBM
165,451.20305385122316,2021-07-07 21:00:00,21,2021-07-07,Light GBM
166,345.100136699804,2021-07-07 22:00:00,22,2021-07-07,Light GBM
167,198.16938883673254,2021-07-07 23:00:00,23,2021-07-07,Light GBM
168,97.56640983462282,2021-07-08 00:00:00,0,2021-07-08,Light GBM
169,83.39693176972327,2021-07-08 01:00:00,1,2021-07-08,Light GBM
170,69.02848274874799,2021-07-08 02:00:00,2,2021-07-08,Light GBM
171,66.03642178370276,2021-07-08 03:00:00,3,2021-07-08,Light GBM
172,136.3255125950375,2021-07-08 04:00:00,4,2021-07-08,Light GBM
173,502.6472080005529,2021-07-08 05:00:00,5,2021-07-08,Light GBM
174,1060.8801241004096,2021-07-08 06:00:00,6,2021-07-08,Light GBM
175,897.7892828792994,2021-07-08 07:00:00,7,2021-07-08,Light GBM
176,554.2869184898415,2021-07-08 08:00:00,8,2021-07-08,Light GBM
177,527.2426292176496,2021-07-08 09:00:00,9,2021-07-08,Light GBM
178,601.9209737281427,2021-07-08 10:00:00,10,2021-07-08,Light GBM
179,787.6374694103564,2021-07-08 11:00:00,11,2021-07-08,Light GBM
180,1076.8641695529757,2021-07-08 12:00:00,12,2021-07-08,Light GBM
181,969.5638014051896,2021-07-08 13:00:00,13,2021-07-08,Light GBM
182,852.8221671132417,2021-07-08 14:00:00,14,2021-07-08,Light GBM
183,931.5832637097486,2021-07-08 15:00:00,15,2021-07-08,Light GBM
184,1284.325867771163,2021-07-08 16:00:00,16,2021-07-08,Light GBM
185,1344.4892500064989,2021-07-08 17:00:00,17,2021-07-08,Light GBM
186,1066.3720557128493,2021-07-08 18:00:00,18,2021-07-08,Light GBM
187,803.4365304929511,2021-07-08 19:00:00,19,2021-07-08,Light GBM
188,544.7892274585411,2021-07-08 20:00:00,20,2021-07-08,Light GBM
189,477.4508255623233,2021-07-08 21:00:00,21,2021-07-08,Light GBM
190,387.8933671309497,2021-07-08 22:00:00,22,2021-07-08,Light GBM
191,243.63757024563725,2021-07-08 23:00:00,23,2021-07-08,Light GBM
192,137.6192898745802,2021-07-09 00:00:00,0,2021-07-09,Light GBM
193,92.62912381070132,2021-07-09 01:00:00,1,2021-07-09,Light GBM
194,84.85290930071338,2021-07-09 02:00:00,2,2021-07-09,Light GBM
195,73.62417118169456,2021-07-09 03:00:00,3,2021-07-09,Light GBM
196,112.16232910865645,2021-07-09 04:00:00,4,2021-07-09,Light GBM
197,385.29821596363865,2021-07-09 05:00:00,5,2021-07-09,Light GBM
198,900.6768287588424,2021-07-09 06:00:00,6,2021-07-09,Light GBM
199,829.1341595692815,2021-07-09 07:00:00,7,2021-07-09,Light GBM
200,510.44795986353444,2021-07-09 08:00:00,8,2021-07-09,Light GBM
201,541.5448509820756,2021-07-09 09:00:00,9,2021-07-09,Light GBM
202,620.0770248930281,2021-07-09 10:00:00,10,2021-07-09,Light GBM
203,795.1246405736107,2021-07-09 11:00:00,11,2021-07-09,Light GBM
204,1126.0423976536752,2021-07-09 12:00:00,12,2021-07-09,Light GBM
205,1026.1899838041404,2021-07-09 13:00:00,13,2021-07-09,Light GBM
206,847.071523574011,2021-07-09 14:00:00,14,2021-07-09,Light GBM
207,882.113304513959,2021-07-09 15:00:00,15,2021-07-09,Light GBM
208,1082.5880517214994,2021-07-09 16:00:00,16,2021-07-09,Light GBM
209,1148.1602916598358,2021-07-09 17:00:00,17,2021-07-09,Light GBM
210,957.9117230320212,2021-07-09 18:00:00,18,2021-07-09,Light GBM
211,700.6524455395329,2021-07-09 19:00:00,19,2021-07-09,Light GBM
212,522.5067315814896,2021-07-09 20:00:00,20,2021-07-09,Light GBM
213,484.7361482597519,2021-07-09 21:00:00,21,2021-07-09,Light GBM
214,448.5026048863923,2021-07-09 22:00:00,22,2021-07-09,Light GBM
215,337.3162999748105,2021-07-09 23:00:00,23,2021-07-09,Light GBM
216,212.0302454812781,2021-07-10 00:00:00,0,2021-07-10,Light GBM
217,150.98669422112434,2021-07-10 01:00:00,1,2021-07-10,Light GBM
218,110.89742291458242,2021-07-10 02:00:00,2,2021-07-10,Light GBM
219,97.17285928262616,2021-07-10 03:00:00,3,2021-07-10,Light GBM
220,114.58680116004328,2021-07-10 04:00:00,4,2021-07-10,Light GBM
221,199.9625067682061,2021-07-10 05:00:00,5,2021-07-10,Light GBM
222,373.5449616656321,2021-07-10 06:00:00,6,2021-07-10,Light GBM
223,437.80508312275407,2021-07-10 07:00:00,7,2021-07-10,Light GBM
224,468.09225202946476,2021-07-10 08:00:00,8,2021-07-10,Light GBM
225,539.0663450004147,2021-07-10 09:00:00,9,2021-07-10,Light GBM
226,626.3347762566025,2021-07-10 10:00:00,10,2021-07-10,Light GBM
227,739.5548136671335,2021-07-10 11:00:00,11,2021-07-10,Light GBM
228,799.3233961411627,2021-07-10 12:00:00,12,2021-07-10,Light GBM
229,715.1309553434969,2021-07-10 13:00:00,13,2021-07-10,Light GBM
230,655.8492617721897,2021-07-10 14:00:00,14,2021-07-10,Light GBM
231,720.298833047481,2021-07-10 15:00:00,15,2021-07-10,Light GBM
232,771.2436580445701,2021-07-10 16:00:00,16,2021-07-10,Light GBM
233,827.7023347805316,2021-07-10 17:00:00,17,2021-07-10,Light GBM
234,765.6239025493938,2021-07-10 18:00:00,18,2021-07-10,Light GBM
235,593.9143634739496,2021-07-10 19:00:00,19,2021-07-10,Light GBM
236,470.1258352843525,2021-07-10 20:00:00,20,2021-07-10,Light GBM
237,455.7849604274628,2021-07-10 21:00:00,21,2021-07-10,Light GBM
238,462.9951678896174,2021-07-10 22:00:00,22,2021-07-10,Light GBM
239,379.6798520797737,2021-07-10 23:00:00,23,2021-07-10,Light GBM
240,278.8273433090758,2021-07-11 00:00:00,0,2021-07-11,Light GBM
241,171.84925417421132,2021-07-11 01:00:00,1,2021-07-11,Light GBM
242,122.04083004772518,2021-07-11 02:00:00,2,2021-07-11,Light GBM
243,102.35001648631624,2021-07-11 03:00:00,3,2021-07-11,Light GBM
244,107.52907491667132,2021-07-11 04:00:00,4,2021-07-11,Light GBM
245,151.98964768096778,2021-07-11 05:00:00,5,2021-07-11,Light GBM
246,248.42415482910124,2021-07-11 06:00:00,6,2021-07-11,Light GBM
247,318.77174513882125,2021-07-11 07:00:00,7,2021-07-11,Light GBM
248,387.42450988493215,2021-07-11 08:00:00,8,2021-07-11,Light GBM
249,492.9186494308015,2021-07-11 09:00:00,9,2021-07-11,Light GBM
250,582.6144362636469,2021-07-11 10:00:00,10,2021-07-11,Light GBM
251,681.8826314843514,2021-07-11 11:00:00,11,2021-07-11,Light GBM
252,681.8790952668314,2021-07-11 12:00:00,12,2021-07-11,Light GBM
253,551.921698075279,2021-07-11 13:00:00,13,2021-07-11,Light GBM
254,543.1803146875853,2021-07-11 14:00:00,14,2021-07-11,Light GBM
255,614.2402915577956,2021-07-11 15:00:00,15,2021-07-11,Light GBM
256,659.623989366244,2021-07-11 16:00:00,16,2021-07-11,Light GBM
257,659.2472179362549,2021-07-11 17:00:00,17,2021-07-11,Light GBM
258,571.3372176588173,2021-07-11 18:00:00,18,2021-07-11,Light GBM
259,481.3944893273994,2021-07-11 19:00:00,19,2021-07-11,Light GBM
260,386.3819111214923,2021-07-11 20:00:00,20,2021-07-11,Light GBM
261,344.41661470132505,2021-07-11 21:00:00,21,2021-07-11,Light GBM
262,312.7394219936525,2021-07-11 22:00:00,22,2021-07-11,Light GBM
263,261.4245054655376,2021-07-11 23:00:00,23,2021-07-11,Light GBM
264,183.1905049539683,2021-07-12 00:00:00,0,2021-07-12,Light GBM
265,103.12211691383091,2021-07-12 01:00:00,1,2021-07-12,Light GBM
266,79.83200283700694,2021-07-12 02:00:00,2,2021-07-12,Light GBM
267,75.24527097286789,2021-07-12 03:00:00,3,2021-07-12,Light GBM
268,95.66211115973273,2021-07-12 04:00:00,4,2021-07-12,Light GBM
269,346.354993778784,2021-07-12 05:00:00,5,2021-07-12,Light GBM
270,771.320045100555,2021-07-12 06:00:00,6,2021-07-12,Light GBM
271,709.2585660703382,2021-07-12 07:00:00,7,2021-07-12,Light GBM
272,431.4685018018262,2021-07-12 08:00:00,8,2021-07-12,Light GBM
273,472.46610872612695,2021-07-12 09:00:00,9,2021-07-12,Light GBM
274,534.0282541847702,2021-07-12 10:00:00,10,2021-07-12,Light GBM
275,671.4888706415214,2021-07-12 11:00:00,11,2021-07-12,Light GBM
276,875.7988805426259,2021-07-12 12:00:00,12,2021-07-12,Light GBM
277,814.6347497052358,2021-07-12 13:00:00,13,2021-07-12,Light GBM
278,735.5330891552607,2021-07-12 14:00:00,14,2021-07-12,Light GBM
279,751.5356530811873,2021-07-12 15:00:00,15,2021-07-12,Light GBM
280,1042.875902659504,2021-07-12 16:00:00,16,2021-07-12,Light GBM
281,1064.703205103142,2021-07-12 17:00:00,17,2021-07-12,Light GBM
282,921.0447525927638,2021-07-12 18:00:00,18,2021-07-12,Light GBM
283,733.7913296063031,2021-07-12 19:00:00,19,2021-07-12,Light GBM
284,462.9834351138165,2021-07-12 20:00:00,20,2021-07-12,Light GBM
285,348.8720171804211,2021-07-12 21:00:00,21,2021-07-12,Light GBM
286,275.30646379785344,2021-07-12 22:00:00,22,2021-07-12,Light GBM
287,196.87113630327644,2021-07-12 23:00:00,23,2021-07-12,Light GBM
288,114.87497530023494,2021-07-13 00:00:00,0,2021-07-13,Light GBM
289,75.86756355005267,2021-07-13 01:00:00,1,2021-07-13,Light GBM
290,68.56450816570472,2021-07-13 02:00:00,2,2021-07-13,Light GBM
291,69.90556709464488,2021-07-13 03:00:00,3,2021-07-13,Light GBM
292,127.54619220046757,2021-07-13 04:00:00,4,2021-07-13,Light GBM
293,450.873788857631,2021-07-13 05:00:00,5,2021-07-13,Light GBM
294,944.5071649846942,2021-07-13 06:00:00,6,2021-07-13,Light GBM
295,809.2811027076137,2021-07-13 07:00:00,7,2021-07-13,Light GBM
296,487.35367142948405,2021-07-13 08:00:00,8,2021-07-13,Light GBM
297,486.57933329123284,2021-07-13 09:00:00,9,2021-07-13,Light GBM
298,544.1142436405408,2021-07-13 10:00:00,10,2021-07-13,Light GBM
299,702.737874135472,2021-07-13 11:00:00,11,2021-07-13,Light GBM
300,1026.366723178451,2021-07-13 12:00:00,12,2021-07-13,Light GBM
301,918.2931240602943,2021-07-13 13:00:00,13,2021-07-13,Light GBM
302,788.6098344601434,2021-07-13 14:00:00,14,2021-07-13,Light GBM
303,842.6047089893669,2021-07-13 15:00:00,15,2021-07-13,Light GBM
304,1173.2797551588403,2021-07-13 16:00:00,16,2021-07-13,Light GBM
305,1185.9048733088896,2021-07-13 17:00:00,17,2021-07-13,Light GBM
306,1008.2336690462994,2021-07-13 18:00:00,18,2021-07-13,Light GBM
307,752.3874406875121,2021-07-13 19:00:00,19,2021-07-13,Light GBM
308,492.62698079422904,2021-07-13 20:00:00,20,2021-07-13,Light GBM
309,384.29316422826173,2021-07-13 21:00:00,21,2021-07-13,Light GBM
310,311.802150347932,2021-07-13 22:00:00,22,2021-07-13,Light GBM
311,182.34484402018296,2021-07-13 23:00:00,23,2021-07-13,Light GBM
312,93.81681937231866,2021-07-14 00:00:00,0,2021-07-14,Light GBM
313,81.85303638344189,2021-07-14 01:00:00,1,2021-07-14,Light GBM
314,68.57692898273922,2021-07-14 02:00:00,2,2021-07-14,Light GBM
315,70.66040580133466,2021-07-14 03:00:00,3,2021-07-14,Light GBM
316,140.93318080747693,2021-07-14 04:00:00,4,2021-07-14,Light GBM
317,478.0460984532818,2021-07-14 05:00:00,5,2021-07-14,Light GBM
318,978.8885364513429,2021-07-14 06:00:00,6,2021-07-14,Light GBM
319,851.2321008588735,2021-07-14 07:00:00,7,2021-07-14,Light GBM
320,513.8653819838116,2021-07-14 08:00:00,8,2021-07-14,Light GBM
321,496.081447008292,2021-07-14 09:00:00,9,2021-07-14,Light GBM
322,554.5755477120164,2021-07-14 10:00:00,10,2021-07-14,Light GBM
323,720.2504251465946,2021-07-14 11:00:00,11,2021-07-14,Light GBM
324,1053.0458924783427,2021-07-14 12:00:00,12,2021-07-14,Light GBM
325,938.2082940772306,2021-07-14 13:00:00,13,2021-07-14,Light GBM
326,831.1777356614972,2021-07-14 14:00:00,14,2021-07-14,Light GBM
327,893.1612981745087,2021-07-14 15:00:00,15,2021-07-14,Light GBM
328,1260.8839009774106,2021-07-14 16:00:00,16,2021-07-14,Light GBM
329,1291.4915819336215,2021-07-14 17:00:00,17,2021-07-14,Light GBM
330,1053.6879899526784,2021-07-14 18:00:00,18,2021-07-14,Light GBM
331,794.4296361057138,2021-07-14 19:00:00,19,2021-07-14,Light GBM
332,518.1638091572217,2021-07-14 20:00:00,20,2021-07-14,Light GBM
333,408.4551496052826,2021-07-14 21:00:00,21,2021-07-14,Light GBM
334,325.3316073221118,2021-07-14 22:00:00,22,2021-07-14,Light GBM
335,184.0258714117024,2021-07-14 23:00:00,23,2021-07-14,Light GBM
0,52.5097810728592,2021-07-01 00:00:00,0,2021-07-01,Catboost
1,7.080119578967015,2021-07-01 01:00:00,1,2021-07-01,Catboost
2,10.629839451172813,2021-07-01 02:00:00,2,2021-07-01,Catboost
3,37.413163328833775,2021-07-01 03:00:00,3,2021-07-01,Catboost
4,138.93982106731647,2021-07-01 04:00:00,4,2021-07-01,Catboost
5,514.2560888758394,2021-07-01 05:00:00,5,2021-07-01,Catboost
6,1142.3166217786093,2021-07-01 06:00:00,6,2021-07-01,Catboost
7,973.1004735403831,2021-07-01 07:00:00,7,2021-07-01,Catboost
8,576.1525820604274,2021-07-01 08:00:00,8,2021-07-01,Catboost
9,537.3021640264035,2021-07-01 09:00:00,9,2021-07-01,Catboost
10,617.4534581775739,2021-07-01 10:00:00,10,2021-07-01,Catboost
11,805.8450406123761,2021-07-01 11:00:00,11,2021-07-01,Catboost
12,1130.0319568383702,2021-07-01 12:00:00,12,2021-07-01,Catboost
13,1015.6918191541522,2021-07-01 13:00:00,13,2021-07-01,Catboost
14,871.7188298642197,2021-07-01 14:00:00,14,2021-07-01,Catboost
15,942.1615659161779,2021-07-01 15:00:00,15,2021-07-01,Catboost
16,1216.9032375783008,2021-07-01 16:00:00,16,2021-07-01,Catboost
17,1192.6383954115972,2021-07-01 17:00:00,17,2021-07-01,Catboost
18,947.9655498085872,2021-07-01 18:00:00,18,2021-07-01,Catboost
19,722.1192999667886,2021-07-01 19:00:00,19,2021-07-01,Catboost
20,559.7751723241136,2021-07-01 20:00:00,20,2021-07-01,Catboost
21,485.63915094294623,2021-07-01 21:00:00,21,2021-07-01,Catboost
22,431.68357364144947,2021-07-01 22:00:00,22,2021-07-01,Catboost
23,291.5139122028186,2021-07-01 23:00:00,23,2021-07-01,Catboost
24,111.2413746311928,2021-07-02 00:00:00,0,2021-07-02,Catboost
25,54.39601112839199,2021-07-02 01:00:00,1,2021-07-02,Catboost
26,27.207027623455645,2021-07-02 02:00:00,2,2021-07-02,Catboost
27,47.50754000179529,2021-07-02 03:00:00,3,2021-07-02,Catboost
28,111.12586797573846,2021-07-02 04:00:00,4,2021-07-02,Catboost
29,473.0587340846029,2021-07-02 05:00:00,5,2021-07-02,Catboost
30,987.4355451606682,2021-07-02 06:00:00,6,2021-07-02,Catboost
31,908.4746626019212,2021-07-02 07:00:00,7,2021-07-02,Catboost
32,640.940369993773,2021-07-02 08:00:00,8,2021-07-02,Catboost
33,606.8245805976476,2021-07-02 09:00:00,9,2021-07-02,Catboost
34,660.3768346797472,2021-07-02 10:00:00,10,2021-07-02,Catboost
35,797.5369080229127,2021-07-02 11:00:00,11,2021-07-02,Catboost
36,1141.6476893728927,2021-07-02 12:00:00,12,2021-07-02,Catboost
37,1084.0037869453063,2021-07-02 13:00:00,13,2021-07-02,Catboost
38,893.3202753828986,2021-07-02 14:00:00,14,2021-07-02,Catboost
39,928.8885852478395,2021-07-02 15:00:00,15,2021-07-02,Catboost
40,1145.5267291407,2021-07-02 16:00:00,16,2021-07-02,Catboost
41,1098.905406267967,2021-07-02 17:00:00,17,2021-07-02,Catboost
42,858.2042773561994,2021-07-02 18:00:00,18,2021-07-02,Catboost
43,674.7861201631904,2021-07-02 19:00:00,19,2021-07-02,Catboost
44,533.5453426204303,2021-07-02 20:00:00,20,2021-07-02,Catboost
45,472.4571346605675,2021-07-02 21:00:00,21,2021-07-02,Catboost
46,433.8668090838191,2021-07-02 22:00:00,22,2021-07-02,Catboost
47,365.60324823882723,2021-07-02 23:00:00,23,2021-07-02,Catboost
48,227.50321066495974,2021-07-03 00:00:00,0,2021-07-03,Catboost
49,115.93374258947881,2021-07-03 01:00:00,1,2021-07-03,Catboost
50,84.72171355511796,2021-07-03 02:00:00,2,2021-07-03,Catboost
51,81.05587508046938,2021-07-03 03:00:00,3,2021-07-03,Catboost
52,84.86934771169018,2021-07-03 04:00:00,4,2021-07-03,Catboost
53,240.71491226456715,2021-07-03 05:00:00,5,2021-07-03,Catboost
54,471.51214918197206,2021-07-03 06:00:00,6,2021-07-03,Catboost
55,592.9153303815084,2021-07-03 07:00:00,7,2021-07-03,Catboost
56,557.226109044909,2021-07-03 08:00:00,8,2021-07-03,Catboost
57,601.340975341588,2021-07-03 09:00:00,9,2021-07-03,Catboost
58,678.3761413806333,2021-07-03 10:00:00,10,2021-07-03,Catboost
59,764.7631510792712,2021-07-03 11:00:00,11,2021-07-03,Catboost
60,821.9247563670706,2021-07-03 12:00:00,12,2021-07-03,Catboost
61,712.786142586451,2021-07-03 13:00:00,13,2021-07-03,Catboost
62,665.209385125806,2021-07-03 14:00:00,14,2021-07-03,Catboost
63,692.757665333839,2021-07-03 15:00:00,15,2021-07-03,Catboost
64,809.7307682205515,2021-07-03 16:00:00,16,2021-07-03,Catboost
65,874.9481608230303,2021-07-03 17:00:00,17,2021-07-03,Catboost
66,772.1497808115313,2021-07-03 18:00:00,18,2021-07-03,Catboost
67,586.8873361053936,2021-07-03 19:00:00,19,2021-07-03,Catboost
68,469.743108482335,2021-07-03 20:00:00,20,2021-07-03,Catboost
69,430.9373236680614,2021-07-03 21:00:00,21,2021-07-03,Catboost
70,441.5406416693578,2021-07-03 22:00:00,22,2021-07-03,Catboost
71,361.5325360478249,2021-07-03 23:00:00,23,2021-07-03,Catboost
72,263.367871740562,2021-07-04 00:00:00,0,2021-07-04,Catboost
73,118.54753319957024,2021-07-04 01:00:00,1,2021-07-04,Catboost
74,78.44581834556675,2021-07-04 02:00:00,2,2021-07-04,Catboost
75,52.16213647587375,2021-07-04 03:00:00,3,2021-07-04,Catboost
76,74.04294758730907,2021-07-04 04:00:00,4,2021-07-04,Catboost
77,163.76384232780984,2021-07-04 05:00:00,5,2021-07-04,Catboost
78,288.6809025494157,2021-07-04 06:00:00,6,2021-07-04,Catboost
79,431.6024485987466,2021-07-04 07:00:00,7,2021-07-04,Catboost
80,486.5434867125143,2021-07-04 08:00:00,8,2021-07-04,Catboost
81,565.2233641576613,2021-07-04 09:00:00,9,2021-07-04,Catboost
82,624.2641441018925,2021-07-04 10:00:00,10,2021-07-04,Catboost
83,678.9760889518959,2021-07-04 11:00:00,11,2021-07-04,Catboost
84,655.088933564454,2021-07-04 12:00:00,12,2021-07-04,Catboost
85,592.9085100087426,2021-07-04 13:00:00,13,2021-07-04,Catboost
86,580.2360431682183,2021-07-04 14:00:00,14,2021-07-04,Catboost
87,624.8809748278222,2021-07-04 15:00:00,15,2021-07-04,Catboost
88,754.4489131586113,2021-07-04 16:00:00,16,2021-07-04,Catboost
89,821.2739232269842,2021-07-04 17:00:00,17,2021-07-04,Catboost
90,671.7200774796968,2021-07-04 18:00:00,18,2021-07-04,Catboost
91,548.8538260173173,2021-07-04 19:00:00,19,2021-07-04,Catboost
92,425.0281241357121,2021-07-04 20:00:00,20,2021-07-04,Catboost
93,360.50894226647705,2021-07-04 21:00:00,21,2021-07-04,Catboost
94,304.7834235442594,2021-07-04 22:00:00,22,2021-07-04,Catboost
95,194.75240092480755,2021-07-04 23:00:00,23,2021-07-04,Catboost
96,124.48721297839393,2021-07-05 00:00:00,0,2021-07-05,Catboost
97,59.921216219648215,2021-07-05 01:00:00,1,2021-07-05,Catboost
98,13.69266212399151,2021-07-05 02:00:00,2,2021-07-05,Catboost
99,34.921438350172195,2021-07-05 03:00:00,3,2021-07-05,Catboost
100,108.5851823610223,2021-07-05 04:00:00,4,2021-07-05,Catboost
101,397.65624701163784,2021-07-05 05:00:00,5,2021-07-05,Catboost
102,874.5848465075553,2021-07-05 06:00:00,6,2021-07-05,Catboost
103,785.4967612063062,2021-07-05 07:00:00,7,2021-07-05,Catboost
104,565.727890596347,2021-07-05 08:00:00,8,2021-07-05,Catboost
105,519.8514295617117,2021-07-05 09:00:00,9,2021-07-05,Catboost
106,572.0010422473028,2021-07-05 10:00:00,10,2021-07-05,Catboost
107,679.1473740605845,2021-07-05 11:00:00,11,2021-07-05,Catboost
108,961.9545661826577,2021-07-05 12:00:00,12,2021-07-05,Catboost
109,923.5680827081333,2021-07-05 13:00:00,13,2021-07-05,Catboost
110,789.26693537365,2021-07-05 14:00:00,14,2021-07-05,Catboost
111,841.5445626336624,2021-07-05 15:00:00,15,2021-07-05,Catboost
112,1145.8646561337268,2021-07-05 16:00:00,16,2021-07-05,Catboost
113,1185.8052511819762,2021-07-05 17:00:00,17,2021-07-05,Catboost
114,1007.8739276163194,2021-07-05 18:00:00,18,2021-07-05,Catboost
115,747.0640556312036,2021-07-05 19:00:00,19,2021-07-05,Catboost
116,490.1437523857921,2021-07-05 20:00:00,20,2021-07-05,Catboost
117,366.5892682957909,2021-07-05 21:00:00,21,2021-07-05,Catboost
118,268.7185999736204,2021-07-05 22:00:00,22,2021-07-05,Catboost
119,176.4078221261007,2021-07-05 23:00:00,23,2021-07-05,Catboost
120,85.60843917214277,2021-07-06 00:00:00,0,2021-07-06,Catboost
121,35.30066756821503,2021-07-06 01:00:00,1,2021-07-06,Catboost
122,15.2584625200588,2021-07-06 02:00:00,2,2021-07-06,Catboost
123,46.44743760063517,2021-07-06 03:00:00,3,2021-07-06,Catboost
124,115.01596850288831,2021-07-06 04:00:00,4,2021-07-06,Catboost
125,462.6793573441209,2021-07-06 05:00:00,5,2021-07-06,Catboost
126,1093.8537515102894,2021-07-06 06:00:00,6,2021-07-06,Catboost
127,962.5729847550184,2021-07-06 07:00:00,7,2021-07-06,Catboost
128,611.2492355388713,2021-07-06 08:00:00,8,2021-07-06,Catboost
129,546.1954519274169,2021-07-06 09:00:00,9,2021-07-06,Catboost
130,581.4453456665808,2021-07-06 10:00:00,10,2021-07-06,Catboost
131,717.8439778117875,2021-07-06 11:00:00,11,2021-07-06,Catboost
132,1034.4133302757596,2021-07-06 12:00:00,12,2021-07-06,Catboost
133,969.131099596109,2021-07-06 13:00:00,13,2021-07-06,Catboost
134,869.4072794566265,2021-07-06 14:00:00,14,2021-07-06,Catboost
135,930.9056331737692,2021-07-06 15:00:00,15,2021-07-06,Catboost
136,1226.611663494964,2021-07-06 16:00:00,16,2021-07-06,Catboost
137,1287.2810638367,2021-07-06 17:00:00,17,2021-07-06,Catboost
138,1126.7796487466267,2021-07-06 18:00:00,18,2021-07-06,Catboost
139,839.8278149106086,2021-07-06 19:00:00,19,2021-07-06,Catboost
140,573.4637350158866,2021-07-06 20:00:00,20,2021-07-06,Catboost
141,439.2652877977508,2021-07-06 21:00:00,21,2021-07-06,Catboost
142,351.33590328762585,2021-07-06 22:00:00,22,2021-07-06,Catboost
143,206.7355385305535,2021-07-06 23:00:00,23,2021-07-06,Catboost
144,107.93731731895593,2021-07-07 00:00:00,0,2021-07-07,Catboost
145,58.01855623288691,2021-07-07 01:00:00,1,2021-07-07,Catboost
146,30.61203526764217,2021-07-07 02:00:00,2,2021-07-07,Catboost
147,47.16159807413027,2021-07-07 03:00:00,3,2021-07-07,Catboost
148,106.88830143436087,2021-07-07 04:00:00,4,2021-07-07,Catboost
149,474.77570850459097,2021-07-07 05:00:00,5,2021-07-07,Catboost
150,1110.1739365905332,2021-07-07 06:00:00,6,2021-07-07,Catboost
151,980.8580892206516,2021-07-07 07:00:00,7,2021-07-07,Catboost
152,623.5799781022264,2021-07-07 08:00:00,8,2021-07-07,Catboost
153,540.7917238785564,2021-07-07 09:00:00,9,2021-07-07,Catboost
154,568.3826494921739,2021-07-07 10:00:00,10,2021-07-07,Catboost
155,726.1292444333894,2021-07-07 11:00:00,11,2021-07-07,Catboost
156,1038.5287603319919,2021-07-07 12:00:00,12,2021-07-07,Catboost
157,967.3594485033171,2021-07-07 13:00:00,13,2021-07-07,Catboost
158,868.15656787193,2021-07-07 14:00:00,14,2021-07-07,Catboost
159,940.3746023661108,2021-07-07 15:00:00,15,2021-07-07,Catboost
160,1262.3564750309756,2021-07-07 16:00:00,16,2021-07-07,Catboost
161,1267.42859388095,2021-07-07 17:00:00,17,2021-07-07,Catboost
162,1027.9099288189398,2021-07-07 18:00:00,18,2021-07-07,Catboost
163,712.7974134309063,2021-07-07 19:00:00,19,2021-07-07,Catboost
164,503.0769495090158,2021-07-07 20:00:00,20,2021-07-07,Catboost
165,419.2096125628486,2021-07-07 21:00:00,21,2021-07-07,Catboost
166,320.31555651297333,2021-07-07 22:00:00,22,2021-07-07,Catboost
167,199.2914345557611,2021-07-07 23:00:00,23,2021-07-07,Catboost
168,79.23071821319706,2021-07-08 00:00:00,0,2021-07-08,Catboost
169,16.176173533453095,2021-07-08 01:00:00,1,2021-07-08,Catboost
170,11.577794419721954,2021-07-08 02:00:00,2,2021-07-08,Catboost
171,45.17977175274848,2021-07-08 03:00:00,3,2021-07-08,Catboost
172,114.7853518424248,2021-07-08 04:00:00,4,2021-07-08,Catboost
173,487.71523423736755,2021-07-08 05:00:00,5,2021-07-08,Catboost
174,1130.6975374113972,2021-07-08 06:00:00,6,2021-07-08,Catboost
175,988.1029068328747,2021-07-08 07:00:00,7,2021-07-08,Catboost
176,619.3464405924808,2021-07-08 08:00:00,8,2021-07-08,Catboost
177,538.9038500966135,2021-07-08 09:00:00,9,2021-07-08,Catboost
178,584.6917866908693,2021-07-08 10:00:00,10,2021-07-08,Catboost
179,717.7002599819366,2021-07-08 11:00:00,11,2021-07-08,Catboost
180,1085.4198322056186,2021-07-08 12:00:00,12,2021-07-08,Catboost
181,1003.3918118097519,2021-07-08 13:00:00,13,2021-07-08,Catboost
182,884.8961771609148,2021-07-08 14:00:00,14,2021-07-08,Catboost
183,925.4982013116279,2021-07-08 15:00:00,15,2021-07-08,Catboost
184,1265.63489432481,2021-07-08 16:00:00,16,2021-07-08,Catboost
185,1365.9078825841757,2021-07-08 17:00:00,17,2021-07-08,Catboost
186,1056.8138186259112,2021-07-08 18:00:00,18,2021-07-08,Catboost
187,765.5456462576419,2021-07-08 19:00:00,19,2021-07-08,Catboost
188,542.2402904229892,2021-07-08 20:00:00,20,2021-07-08,Catboost
189,432.6402401966385,2021-07-08 21:00:00,21,2021-07-08,Catboost
190,362.74830593058147,2021-07-08 22:00:00,22,2021-07-08,Catboost
191,242.1715641547814,2021-07-08 23:00:00,23,2021-07-08,Catboost
192,100.31883784790432,2021-07-09 00:00:00,0,2021-07-09,Catboost
193,46.37735447844773,2021-07-09 01:00:00,1,2021-07-09,Catboost
194,21.827521921830794,2021-07-09 02:00:00,2,2021-07-09,Catboost
195,41.46310713197937,2021-07-09 03:00:00,3,2021-07-09,Catboost
196,99.04950889609489,2021-07-09 04:00:00,4,2021-07-09,Catboost
197,391.727149638689,2021-07-09 05:00:00,5,2021-07-09,Catboost
198,912.0816984210106,2021-07-09 06:00:00,6,2021-07-09,Catboost
199,910.4530701992979,2021-07-09 07:00:00,7,2021-07-09,Catboost
200,604.0745048713916,2021-07-09 08:00:00,8,2021-07-09,Catboost
201,565.2305136281714,2021-07-09 09:00:00,9,2021-07-09,Catboost
202,617.9313625871866,2021-07-09 10:00:00,10,2021-07-09,Catboost
203,751.825716152628,2021-07-09 11:00:00,11,2021-07-09,Catboost
204,1146.9617146807464,2021-07-09 12:00:00,12,2021-07-09,Catboost
205,1105.5923936829258,2021-07-09 13:00:00,13,2021-07-09,Catboost
206,954.879350282753,2021-07-09 14:00:00,14,2021-07-09,Catboost
207,960.5200948437472,2021-07-09 15:00:00,15,2021-07-09,Catboost
208,1222.9057266563307,2021-07-09 16:00:00,16,2021-07-09,Catboost
209,1295.6499973300652,2021-07-09 17:00:00,17,2021-07-09,Catboost
210,1118.3811998306662,2021-07-09 18:00:00,18,2021-07-09,Catboost
211,792.9865748487429,2021-07-09 19:00:00,19,2021-07-09,Catboost
212,559.7814459506552,2021-07-09 20:00:00,20,2021-07-09,Catboost
213,446.041747932548,2021-07-09 21:00:00,21,2021-07-09,Catboost
214,393.38338752187275,2021-07-09 22:00:00,22,2021-07-09,Catboost
215,296.6777891072476,2021-07-09 23:00:00,23,2021-07-09,Catboost
216,142.7374244833879,2021-07-10 00:00:00,0,2021-07-10,Catboost
217,68.2423843932155,2021-07-10 01:00:00,1,2021-07-10,Catboost
218,37.177813222305474,2021-07-10 02:00:00,2,2021-07-10,Catboost
219,44.158282244811005,2021-07-10 03:00:00,3,2021-07-10,Catboost
220,80.47563446784085,2021-07-10 04:00:00,4,2021-07-10,Catboost
221,275.3214263100292,2021-07-10 05:00:00,5,2021-07-10,Catboost
222,552.3140490478495,2021-07-10 06:00:00,6,2021-07-10,Catboost
223,650.528642479009,2021-07-10 07:00:00,7,2021-07-10,Catboost
224,559.1880580342512,2021-07-10 08:00:00,8,2021-07-10,Catboost
225,557.3374703487405,2021-07-10 09:00:00,9,2021-07-10,Catboost
226,612.3910818381399,2021-07-10 10:00:00,10,2021-07-10,Catboost
227,722.4168479060033,2021-07-10 11:00:00,11,2021-07-10,Catboost
228,870.8065832235719,2021-07-10 12:00:00,12,2021-07-10,Catboost
229,771.738650063731,2021-07-10 13:00:00,13,2021-07-10,Catboost
230,710.6399004223242,2021-07-10 14:00:00,14,2021-07-10,Catboost
231,742.9513168767801,2021-07-10 15:00:00,15,2021-07-10,Catboost
232,938.2410598539129,2021-07-10 16:00:00,16,2021-07-10,Catboost
233,1030.668549904576,2021-07-10 17:00:00,17,2021-07-10,Catboost
234,901.1781530433925,2021-07-10 18:00:00,18,2021-07-10,Catboost
235,660.0657687497815,2021-07-10 19:00:00,19,2021-07-10,Catboost
236,464.9522144286238,2021-07-10 20:00:00,20,2021-07-10,Catboost
237,393.2607473616243,2021-07-10 21:00:00,21,2021-07-10,Catboost
238,344.7964510259471,2021-07-10 22:00:00,22,2021-07-10,Catboost
239,275.43465156305115,2021-07-10 23:00:00,23,2021-07-10,Catboost
240,157.5072015472231,2021-07-11 00:00:00,0,2021-07-11,Catboost
241,68.95203607252802,2021-07-11 01:00:00,1,2021-07-11,Catboost
242,37.947604367190365,2021-07-11 02:00:00,2,2021-07-11,Catboost
243,29.026415333001182,2021-07-11 03:00:00,3,2021-07-11,Catboost
244,80.83924161788127,2021-07-11 04:00:00,4,2021-07-11,Catboost
245,235.94661053009943,2021-07-11 05:00:00,5,2021-07-11,Catboost
246,471.7559310759623,2021-07-11 06:00:00,6,2021-07-11,Catboost
247,579.8382395600652,2021-07-11 07:00:00,7,2021-07-11,Catboost
248,515.0073499609243,2021-07-11 08:00:00,8,2021-07-11,Catboost
249,531.3993116154184,2021-07-11 09:00:00,9,2021-07-11,Catboost
250,569.0347464942195,2021-07-11 10:00:00,10,2021-07-11,Catboost
251,656.3957514256304,2021-07-11 11:00:00,11,2021-07-11,Catboost
252,717.089330330281,2021-07-11 12:00:00,12,2021-07-11,Catboost
253,646.3055860075026,2021-07-11 13:00:00,13,2021-07-11,Catboost
254,636.6881600570078,2021-07-11 14:00:00,14,2021-07-11,Catboost
255,690.7456895715537,2021-07-11 15:00:00,15,2021-07-11,Catboost
256,835.4404837555427,2021-07-11 16:00:00,16,2021-07-11,Catboost
257,935.5053518753203,2021-07-11 17:00:00,17,2021-07-11,Catboost
258,790.3016664832978,2021-07-11 18:00:00,18,2021-07-11,Catboost
259,566.6723243724759,2021-07-11 19:00:00,19,2021-07-11,Catboost
260,430.5832869063654,2021-07-11 20:00:00,20,2021-07-11,Catboost
261,359.7955105908012,2021-07-11 21:00:00,21,2021-07-11,Catboost
262,293.0305173824718,2021-07-11 22:00:00,22,2021-07-11,Catboost
263,179.24413955459485,2021-07-11 23:00:00,23,2021-07-11,Catboost
264,92.80414321286253,2021-07-12 00:00:00,0,2021-07-12,Catboost
265,33.29806686635351,2021-07-12 01:00:00,1,2021-07-12,Catboost
266,12.952208501446194,2021-07-12 02:00:00,2,2021-07-12,Catboost
267,37.79740559379229,2021-07-12 03:00:00,3,2021-07-12,Catboost
268,107.6983625882865,2021-07-12 04:00:00,4,2021-07-12,Catboost
269,404.8056184643147,2021-07-12 05:00:00,5,2021-07-12,Catboost
270,882.8231795555191,2021-07-12 06:00:00,6,2021-07-12,Catboost
271,811.2025737998756,2021-07-12 07:00:00,7,2021-07-12,Catboost
272,578.7540439845197,2021-07-12 08:00:00,8,2021-07-12,Catboost
273,524.1926595246404,2021-07-12 09:00:00,9,2021-07-12,Catboost
274,550.3896082495419,2021-07-12 10:00:00,10,2021-07-12,Catboost
275,689.5055086627613,2021-07-12 11:00:00,11,2021-07-12,Catboost
276,963.097088326673,2021-07-12 12:00:00,12,2021-07-12,Catboost
277,917.1244013888753,2021-07-12 13:00:00,13,2021-07-12,Catboost
278,817.7160298670715,2021-07-12 14:00:00,14,2021-07-12,Catboost
279,883.4645701667841,2021-07-12 15:00:00,15,2021-07-12,Catboost
280,1117.9180927390685,2021-07-12 16:00:00,16,2021-07-12,Catboost
281,1199.4381397062702,2021-07-12 17:00:00,17,2021-07-12,Catboost
282,981.2946922943911,2021-07-12 18:00:00,18,2021-07-12,Catboost
283,708.6790573074427,2021-07-12 19:00:00,19,2021-07-12,Catboost
284,488.1801734344155,2021-07-12 20:00:00,20,2021-07-12,Catboost
285,367.8933304498361,2021-07-12 21:00:00,21,2021-07-12,Catboost
286,281.26142327003845,2021-07-12 22:00:00,22,2021-07-12,Catboost
287,175.93484918416266,2021-07-12 23:00:00,23,2021-07-12,Catboost
288,66.74771039995755,2021-07-13 00:00:00,0,2021-07-13,Catboost
289,17.375694608322874,2021-07-13 01:00:00,1,2021-07-13,Catboost
290,11.168957888754676,2021-07-13 02:00:00,2,2021-07-13,Catboost
291,43.93351617460553,2021-07-13 03:00:00,3,2021-07-13,Catboost
292,89.15544954646685,2021-07-13 04:00:00,4,2021-07-13,Catboost
293,401.90400753031986,2021-07-13 05:00:00,5,2021-07-13,Catboost
294,980.3143901017744,2021-07-13 06:00:00,6,2021-07-13,Catboost
295,920.071249737189,2021-07-13 07:00:00,7,2021-07-13,Catboost
296,605.1647454911645,2021-07-13 08:00:00,8,2021-07-13,Catboost
297,545.4140346701644,2021-07-13 09:00:00,9,2021-07-13,Catboost
298,559.1115304888563,2021-07-13 10:00:00,10,2021-07-13,Catboost
299,696.3759374643716,2021-07-13 11:00:00,11,2021-07-13,Catboost
300,1025.5233244105618,2021-07-13 12:00:00,12,2021-07-13,Catboost
301,965.246308041963,2021-07-13 13:00:00,13,2021-07-13,Catboost
302,867.9491046299554,2021-07-13 14:00:00,14,2021-07-13,Catboost
303,922.1614229642233,2021-07-13 15:00:00,15,2021-07-13,Catboost
304,1227.9081112154993,2021-07-13 16:00:00,16,2021-07-13,Catboost
305,1317.1906282254722,2021-07-13 17:00:00,17,2021-07-13,Catboost
306,1088.0846455005005,2021-07-13 18:00:00,18,2021-07-13,Catboost
307,817.0636495578894,2021-07-13 19:00:00,19,2021-07-13,Catboost
308,541.7981644947467,2021-07-13 20:00:00,20,2021-07-13,Catboost
309,395.35493554588186,2021-07-13 21:00:00,21,2021-07-13,Catboost
310,317.50638172283607,2021-07-13 22:00:00,22,2021-07-13,Catboost
311,165.6285015308118,2021-07-13 23:00:00,23,2021-07-13,Catboost
312,59.681731324352256,2021-07-14 00:00:00,0,2021-07-14,Catboost
313,11.224438361279397,2021-07-14 01:00:00,1,2021-07-14,Catboost
314,15.930505955747037,2021-07-14 02:00:00,2,2021-07-14,Catboost
315,32.12303474620137,2021-07-14 03:00:00,3,2021-07-14,Catboost
316,89.03186651345192,2021-07-14 04:00:00,4,2021-07-14,Catboost
317,414.9531658764877,2021-07-14 05:00:00,5,2021-07-14,Catboost
318,1023.870730145925,2021-07-14 06:00:00,6,2021-07-14,Catboost
319,939.1892975934871,2021-07-14 07:00:00,7,2021-07-14,Catboost
320,602.2314608261744,2021-07-14 08:00:00,8,2021-07-14,Catboost
321,544.1174141306315,2021-07-14 09:00:00,9,2021-07-14,Catboost
322,555.170739381914,2021-07-14 10:00:00,10,2021-07-14,Catboost
323,694.3626818117444,2021-07-14 11:00:00,11,2021-07-14,Catboost
324,1033.4091538791222,2021-07-14 12:00:00,12,2021-07-14,Catboost
325,963.43081419882,2021-07-14 13:00:00,13,2021-07-14,Catboost
326,877.2731767362017,2021-07-14 14:00:00,14,2021-07-14,Catboost
327,925.3438001785933,2021-07-14 15:00:00,15,2021-07-14,Catboost
328,1290.882856785314,2021-07-14 16:00:00,16,2021-07-14,Catboost
329,1398.7273018811009,2021-07-14 17:00:00,17,2021-07-14,Catboost
330,1142.6146802399376,2021-07-14 18:00:00,18,2021-07-14,Catboost
331,806.6184590509101,2021-07-14 19:00:00,19,2021-07-14,Catboost
332,530.4492634806056,2021-07-14 20:00:00,20,2021-07-14,Catboost
333,402.9881335116967,2021-07-14 21:00:00,21,2021-07-14,Catboost
334,305.7860222951325,2021-07-14 22:00:00,22,2021-07-14,Catboost
335,143.05833244870226,2021-07-14 23:00:00,23,2021-07-14,Catboost
0,76.43192291259766,2021-07-01 00:00:00,0,2021-07-01,XGBoost
1,40.114662170410156,2021-07-01 01:00:00,1,2021-07-01,XGBoost
2,29.26572036743164,2021-07-01 02:00:00,2,2021-07-01,XGBoost
3,47.014339447021484,2021-07-01 03:00:00,3,2021-07-01,XGBoost
4,115.46443939208984,2021-07-01 04:00:00,4,2021-07-01,XGBoost
5,512.8671264648438,2021-07-01 05:00:00,5,2021-07-01,XGBoost
6,1126.968994140625,2021-07-01 06:00:00,6,2021-07-01,XGBoost
7,939.2879638671875,2021-07-01 07:00:00,7,2021-07-01,XGBoost
8,572.6790161132812,2021-07-01 08:00:00,8,2021-07-01,XGBoost
9,548.3426513671875,2021-07-01 09:00:00,9,2021-07-01,XGBoost
10,597.7179565429688,2021-07-01 10:00:00,10,2021-07-01,XGBoost
11,794.9368286132812,2021-07-01 11:00:00,11,2021-07-01,XGBoost
12,1110.8516845703125,2021-07-01 12:00:00,12,2021-07-01,XGBoost
13,986.3990478515625,2021-07-01 13:00:00,13,2021-07-01,XGBoost
14,836.2647705078125,2021-07-01 14:00:00,14,2021-07-01,XGBoost
15,880.8053588867188,2021-07-01 15:00:00,15,2021-07-01,XGBoost
16,1168.7755126953125,2021-07-01 16:00:00,16,2021-07-01,XGBoost
17,1168.4447021484375,2021-07-01 17:00:00,17,2021-07-01,XGBoost
18,949.9484252929688,2021-07-01 18:00:00,18,2021-07-01,XGBoost
19,690.8341674804688,2021-07-01 19:00:00,19,2021-07-01,XGBoost
20,536.7139892578125,2021-07-01 20:00:00,20,2021-07-01,XGBoost
21,461.4823913574219,2021-07-01 21:00:00,21,2021-07-01,XGBoost
22,399.9906921386719,2021-07-01 22:00:00,22,2021-07-01,XGBoost
23,213.33062744140625,2021-07-01 23:00:00,23,2021-07-01,XGBoost
24,105.33601379394531,2021-07-02 00:00:00,0,2021-07-02,XGBoost
25,69.3072738647461,2021-07-02 01:00:00,1,2021-07-02,XGBoost
26,37.5008430480957,2021-07-02 02:00:00,2,2021-07-02,XGBoost
27,51.4104118347168,2021-07-02 03:00:00,3,2021-07-02,XGBoost
28,108.90087890625,2021-07-02 04:00:00,4,2021-07-02,XGBoost
29,452.1441650390625,2021-07-02 05:00:00,5,2021-07-02,XGBoost
30,1015.0941772460938,2021-07-02 06:00:00,6,2021-07-02,XGBoost
31,888.8977661132812,2021-07-02 07:00:00,7,2021-07-02,XGBoost
32,543.1761474609375,2021-07-02 08:00:00,8,2021-07-02,XGBoost
33,558.390380859375,2021-07-02 09:00:00,9,2021-07-02,XGBoost
34,609.909423828125,2021-07-02 10:00:00,10,2021-07-02,XGBoost
35,763.2770385742188,2021-07-02 11:00:00,11,2021-07-02,XGBoost
36,1175.3868408203125,2021-07-02 12:00:00,12,2021-07-02,XGBoost
37,1071.7354736328125,2021-07-02 13:00:00,13,2021-07-02,XGBoost
38,852.3646240234375,2021-07-02 14:00:00,14,2021-07-02,XGBoost
39,874.1984252929688,2021-07-02 15:00:00,15,2021-07-02,XGBoost
40,1131.351806640625,2021-07-02 16:00:00,16,2021-07-02,XGBoost
41,1160.02685546875,2021-07-02 17:00:00,17,2021-07-02,XGBoost
42,913.1873779296875,2021-07-02 18:00:00,18,2021-07-02,XGBoost
43,675.1171264648438,2021-07-02 19:00:00,19,2021-07-02,XGBoost
44,512.3849487304688,2021-07-02 20:00:00,20,2021-07-02,XGBoost
45,478.47235107421875,2021-07-02 21:00:00,21,2021-07-02,XGBoost
46,451.11358642578125,2021-07-02 22:00:00,22,2021-07-02,XGBoost
47,360.5302429199219,2021-07-02 23:00:00,23,2021-07-02,XGBoost
48,217.0872344970703,2021-07-03 00:00:00,0,2021-07-03,XGBoost
49,123.95890808105469,2021-07-03 01:00:00,1,2021-07-03,XGBoost
50,78.01506805419922,2021-07-03 02:00:00,2,2021-07-03,XGBoost
51,65.0662841796875,2021-07-03 03:00:00,3,2021-07-03,XGBoost
52,72.06082153320312,2021-07-03 04:00:00,4,2021-07-03,XGBoost
53,174.6932830810547,2021-07-03 05:00:00,5,2021-07-03,XGBoost
54,351.5362548828125,2021-07-03 06:00:00,6,2021-07-03,XGBoost
55,424.2366638183594,2021-07-03 07:00:00,7,2021-07-03,XGBoost
56,500.39483642578125,2021-07-03 08:00:00,8,2021-07-03,XGBoost
57,556.3746948242188,2021-07-03 09:00:00,9,2021-07-03,XGBoost
58,621.2514038085938,2021-07-03 10:00:00,10,2021-07-03,XGBoost
59,733.9911499023438,2021-07-03 11:00:00,11,2021-07-03,XGBoost
60,762.4531860351562,2021-07-03 12:00:00,12,2021-07-03,XGBoost
61,665.5797119140625,2021-07-03 13:00:00,13,2021-07-03,XGBoost
62,632.5314331054688,2021-07-03 14:00:00,14,2021-07-03,XGBoost
63,701.9815063476562,2021-07-03 15:00:00,15,2021-07-03,XGBoost
64,772.9155883789062,2021-07-03 16:00:00,16,2021-07-03,XGBoost
65,868.1351928710938,2021-07-03 17:00:00,17,2021-07-03,XGBoost
66,755.70556640625,2021-07-03 18:00:00,18,2021-07-03,XGBoost
67,581.1090698242188,2021-07-03 19:00:00,19,2021-07-03,XGBoost
68,467.2437438964844,2021-07-03 20:00:00,20,2021-07-03,XGBoost
69,451.5000915527344,2021-07-03 21:00:00,21,2021-07-03,XGBoost
70,447.302490234375,2021-07-03 22:00:00,22,2021-07-03,XGBoost
71,382.8092041015625,2021-07-03 23:00:00,23,2021-07-03,XGBoost
72,242.9404754638672,2021-07-04 00:00:00,0,2021-07-04,XGBoost
73,146.7620849609375,2021-07-04 01:00:00,1,2021-07-04,XGBoost
74,102.8001480102539,2021-07-04 02:00:00,2,2021-07-04,XGBoost
75,88.91466522216797,2021-07-04 03:00:00,3,2021-07-04,XGBoost
76,82.69097900390625,2021-07-04 04:00:00,4,2021-07-04,XGBoost
77,125.89102172851562,2021-07-04 05:00:00,5,2021-07-04,XGBoost
78,208.6281280517578,2021-07-04 06:00:00,6,2021-07-04,XGBoost
79,310.54083251953125,2021-07-04 07:00:00,7,2021-07-04,XGBoost
80,396.6852722167969,2021-07-04 08:00:00,8,2021-07-04,XGBoost
81,479.1800231933594,2021-07-04 09:00:00,9,2021-07-04,XGBoost
82,558.8413696289062,2021-07-04 10:00:00,10,2021-07-04,XGBoost
83,679.2227172851562,2021-07-04 11:00:00,11,2021-07-04,XGBoost
84,696.3118896484375,2021-07-04 12:00:00,12,2021-07-04,XGBoost
85,562.6130981445312,2021-07-04 13:00:00,13,2021-07-04,XGBoost
86,567.01708984375,2021-07-04 14:00:00,14,2021-07-04,XGBoost
87,650.6168823242188,2021-07-04 15:00:00,15,2021-07-04,XGBoost
88,718.9556884765625,2021-07-04 16:00:00,16,2021-07-04,XGBoost
89,727.7249145507812,2021-07-04 17:00:00,17,2021-07-04,XGBoost
90,604.5250854492188,2021-07-04 18:00:00,18,2021-07-04,XGBoost
91,500.3884582519531,2021-07-04 19:00:00,19,2021-07-04,XGBoost
92,411.8067321777344,2021-07-04 20:00:00,20,2021-07-04,XGBoost
93,393.2763671875,2021-07-04 21:00:00,21,2021-07-04,XGBoost
94,334.4515075683594,2021-07-04 22:00:00,22,2021-07-04,XGBoost
95,247.8821258544922,2021-07-04 23:00:00,23,2021-07-04,XGBoost
96,140.4396514892578,2021-07-05 00:00:00,0,2021-07-05,XGBoost
97,77.4166488647461,2021-07-05 01:00:00,1,2021-07-05,XGBoost
98,54.926971435546875,2021-07-05 02:00:00,2,2021-07-05,XGBoost
99,52.54976272583008,2021-07-05 03:00:00,3,2021-07-05,XGBoost
100,102.17408752441406,2021-07-05 04:00:00,4,2021-07-05,XGBoost
101,426.9302062988281,2021-07-05 05:00:00,5,2021-07-05,XGBoost
102,945.7559814453125,2021-07-05 06:00:00,6,2021-07-05,XGBoost
103,807.5777587890625,2021-07-05 07:00:00,7,2021-07-05,XGBoost
104,492.0960693359375,2021-07-05 08:00:00,8,2021-07-05,XGBoost
105,477.3409729003906,2021-07-05 09:00:00,9,2021-07-05,XGBoost
106,524.77978515625,2021-07-05 10:00:00,10,2021-07-05,XGBoost
107,662.8258666992188,2021-07-05 11:00:00,11,2021-07-05,XGBoost
108,945.5277709960938,2021-07-05 12:00:00,12,2021-07-05,XGBoost
109,853.3790893554688,2021-07-05 13:00:00,13,2021-07-05,XGBoost
110,731.477294921875,2021-07-05 14:00:00,14,2021-07-05,XGBoost
111,751.509521484375,2021-07-05 15:00:00,15,2021-07-05,XGBoost
112,1107.3099365234375,2021-07-05 16:00:00,16,2021-07-05,XGBoost
113,1201.828125,2021-07-05 17:00:00,17,2021-07-05,XGBoost
114,1075.624755859375,2021-07-05 18:00:00,18,2021-07-05,XGBoost
115,783.3074951171875,2021-07-05 19:00:00,19,2021-07-05,XGBoost
116,508.5801086425781,2021-07-05 20:00:00,20,2021-07-05,XGBoost
117,408.81011962890625,2021-07-05 21:00:00,21,2021-07-05,XGBoost
118,299.758544921875,2021-07-05 22:00:00,22,2021-07-05,XGBoost
119,191.52816772460938,2021-07-05 23:00:00,23,2021-07-05,XGBoost
120,93.26174926757812,2021-07-06 00:00:00,0,2021-07-06,XGBoost
121,68.65446472167969,2021-07-06 01:00:00,1,2021-07-06,XGBoost
122,44.13418197631836,2021-07-06 02:00:00,2,2021-07-06,XGBoost
123,49.7429084777832,2021-07-06 03:00:00,3,2021-07-06,XGBoost
124,113.59466552734375,2021-07-06 04:00:00,4,2021-07-06,XGBoost
125,492.2298889160156,2021-07-06 05:00:00,5,2021-07-06,XGBoost
126,1078.8934326171875,2021-07-06 06:00:00,6,2021-07-06,XGBoost
127,913.8521118164062,2021-07-06 07:00:00,7,2021-07-06,XGBoost
128,529.1931762695312,2021-07-06 08:00:00,8,2021-07-06,XGBoost
129,499.8733215332031,2021-07-06 09:00:00,9,2021-07-06,XGBoost
130,538.3065185546875,2021-07-06 10:00:00,10,2021-07-06,XGBoost
131,728.5542602539062,2021-07-06 11:00:00,11,2021-07-06,XGBoost
132,1059.7296142578125,2021-07-06 12:00:00,12,2021-07-06,XGBoost
133,929.3909912109375,2021-07-06 13:00:00,13,2021-07-06,XGBoost
134,779.9137573242188,2021-07-06 14:00:00,14,2021-07-06,XGBoost
135,860.9343872070312,2021-07-06 15:00:00,15,2021-07-06,XGBoost
136,1194.38720703125,2021-07-06 16:00:00,16,2021-07-06,XGBoost
137,1212.0413818359375,2021-07-06 17:00:00,17,2021-07-06,XGBoost
138,1054.52001953125,2021-07-06 18:00:00,18,2021-07-06,XGBoost
139,780.0654907226562,2021-07-06 19:00:00,19,2021-07-06,XGBoost
140,542.3131713867188,2021-07-06 20:00:00,20,2021-07-06,XGBoost
141,431.3146667480469,2021-07-06 21:00:00,21,2021-07-06,XGBoost
142,314.0888977050781,2021-07-06 22:00:00,22,2021-07-06,XGBoost
143,176.7647705078125,2021-07-06 23:00:00,23,2021-07-06,XGBoost
144,92.4797592163086,2021-07-07 00:00:00,0,2021-07-07,XGBoost
145,66.66475677490234,2021-07-07 01:00:00,1,2021-07-07,XGBoost
146,47.54434585571289,2021-07-07 02:00:00,2,2021-07-07,XGBoost
147,52.64122772216797,2021-07-07 03:00:00,3,2021-07-07,XGBoost
148,114.7203140258789,2021-07-07 04:00:00,4,2021-07-07,XGBoost
149,500.24639892578125,2021-07-07 05:00:00,5,2021-07-07,XGBoost
150,1126.7803955078125,2021-07-07 06:00:00,6,2021-07-07,XGBoost
151,933.039794921875,2021-07-07 07:00:00,7,2021-07-07,XGBoost
152,562.8435668945312,2021-07-07 08:00:00,8,2021-07-07,XGBoost
153,542.3477783203125,2021-07-07 09:00:00,9,2021-07-07,XGBoost
154,567.677734375,2021-07-07 10:00:00,10,2021-07-07,XGBoost
155,763.3781127929688,2021-07-07 11:00:00,11,2021-07-07,XGBoost
156,1077.736328125,2021-07-07 12:00:00,12,2021-07-07,XGBoost
157,934.2562866210938,2021-07-07 13:00:00,13,2021-07-07,XGBoost
158,833.0980834960938,2021-07-07 14:00:00,14,2021-07-07,XGBoost
159,897.5140380859375,2021-07-07 15:00:00,15,2021-07-07,XGBoost
160,1206.356201171875,2021-07-07 16:00:00,16,2021-07-07,XGBoost
161,1197.680419921875,2021-07-07 17:00:00,17,2021-07-07,XGBoost
162,954.8974609375,2021-07-07 18:00:00,18,2021-07-07,XGBoost
163,716.7892456054688,2021-07-07 19:00:00,19,2021-07-07,XGBoost
164,511.5736083984375,2021-07-07 20:00:00,20,2021-07-07,XGBoost
165,421.1977233886719,2021-07-07 21:00:00,21,2021-07-07,XGBoost
166,325.797607421875,2021-07-07 22:00:00,22,2021-07-07,XGBoost
167,181.36810302734375,2021-07-07 23:00:00,23,2021-07-07,XGBoost
168,91.96310424804688,2021-07-08 00:00:00,0,2021-07-08,XGBoost
169,66.75975799560547,2021-07-08 01:00:00,1,2021-07-08,XGBoost
170,46.99185562133789,2021-07-08 02:00:00,2,2021-07-08,XGBoost
171,50.70820236206055,2021-07-08 03:00:00,3,2021-07-08,XGBoost
172,109.49176025390625,2021-07-08 04:00:00,4,2021-07-08,XGBoost
173,498.7541198730469,2021-07-08 05:00:00,5,2021-07-08,XGBoost
174,1111.074951171875,2021-07-08 06:00:00,6,2021-07-08,XGBoost
175,926.6236572265625,2021-07-08 07:00:00,7,2021-07-08,XGBoost
176,576.3328857421875,2021-07-08 08:00:00,8,2021-07-08,XGBoost
177,532.3226318359375,2021-07-08 09:00:00,9,2021-07-08,XGBoost
178,589.7611083984375,2021-07-08 10:00:00,10,2021-07-08,XGBoost
179,784.5473022460938,2021-07-08 11:00:00,11,2021-07-08,XGBoost
180,1081.418212890625,2021-07-08 12:00:00,12,2021-07-08,XGBoost
181,961.8695678710938,2021-07-08 13:00:00,13,2021-07-08,XGBoost
182,843.8507080078125,2021-07-08 14:00:00,14,2021-07-08,XGBoost
183,916.4417114257812,2021-07-08 15:00:00,15,2021-07-08,XGBoost
184,1234.7069091796875,2021-07-08 16:00:00,16,2021-07-08,XGBoost
185,1256.1317138671875,2021-07-08 17:00:00,17,2021-07-08,XGBoost
186,1038.1942138671875,2021-07-08 18:00:00,18,2021-07-08,XGBoost
187,758.0490112304688,2021-07-08 19:00:00,19,2021-07-08,XGBoost
188,535.290771484375,2021-07-08 20:00:00,20,2021-07-08,XGBoost
189,433.8706359863281,2021-07-08 21:00:00,21,2021-07-08,XGBoost
190,346.5774230957031,2021-07-08 22:00:00,22,2021-07-08,XGBoost
191,198.04725646972656,2021-07-08 23:00:00,23,2021-07-08,XGBoost
192,103.26211547851562,2021-07-09 00:00:00,0,2021-07-09,XGBoost
193,70.7527084350586,2021-07-09 01:00:00,1,2021-07-09,XGBoost
194,49.886165618896484,2021-07-09 02:00:00,2,2021-07-09,XGBoost
195,49.65739822387695,2021-07-09 03:00:00,3,2021-07-09,XGBoost
196,105.35891723632812,2021-07-09 04:00:00,4,2021-07-09,XGBoost
197,459.05322265625,2021-07-09 05:00:00,5,2021-07-09,XGBoost
198,1035.0855712890625,2021-07-09 06:00:00,6,2021-07-09,XGBoost
199,889.329833984375,2021-07-09 07:00:00,7,2021-07-09,XGBoost
200,542.7392578125,2021-07-09 08:00:00,8,2021-07-09,XGBoost
201,534.9786987304688,2021-07-09 09:00:00,9,2021-07-09,XGBoost
202,596.7230224609375,2021-07-09 10:00:00,10,2021-07-09,XGBoost
203,764.3505859375,2021-07-09 11:00:00,11,2021-07-09,XGBoost
204,1136.1441650390625,2021-07-09 12:00:00,12,2021-07-09,XGBoost
205,1032.1954345703125,2021-07-09 13:00:00,13,2021-07-09,XGBoost
206,845.3814697265625,2021-07-09 14:00:00,14,2021-07-09,XGBoost
207,887.7147827148438,2021-07-09 15:00:00,15,2021-07-09,XGBoost
208,1202.7757568359375,2021-07-09 16:00:00,16,2021-07-09,XGBoost
209,1279.8929443359375,2021-07-09 17:00:00,17,2021-07-09,XGBoost
210,1053.5826416015625,2021-07-09 18:00:00,18,2021-07-09,XGBoost
211,787.9529418945312,2021-07-09 19:00:00,19,2021-07-09,XGBoost
212,543.40576171875,2021-07-09 20:00:00,20,2021-07-09,XGBoost
213,446.8564147949219,2021-07-09 21:00:00,21,2021-07-09,XGBoost
214,368.9880676269531,2021-07-09 22:00:00,22,2021-07-09,XGBoost
215,280.2521057128906,2021-07-09 23:00:00,23,2021-07-09,XGBoost
216,167.76596069335938,2021-07-10 00:00:00,0,2021-07-10,XGBoost
217,102.21294403076172,2021-07-10 01:00:00,1,2021-07-10,XGBoost
218,76.32560729980469,2021-07-10 02:00:00,2,2021-07-10,XGBoost
219,66.72371673583984,2021-07-10 03:00:00,3,2021-07-10,XGBoost
220,100.60113525390625,2021-07-10 04:00:00,4,2021-07-10,XGBoost
221,303.3664855957031,2021-07-10 05:00:00,5,2021-07-10,XGBoost
222,649.1735229492188,2021-07-10 06:00:00,6,2021-07-10,XGBoost
223,655.3114013671875,2021-07-10 07:00:00,7,2021-07-10,XGBoost
224,501.74090576171875,2021-07-10 08:00:00,8,2021-07-10,XGBoost
225,516.6783447265625,2021-07-10 09:00:00,9,2021-07-10,XGBoost
226,581.5481567382812,2021-07-10 10:00:00,10,2021-07-10,XGBoost
227,729.0975341796875,2021-07-10 11:00:00,11,2021-07-10,XGBoost
228,838.2222290039062,2021-07-10 12:00:00,12,2021-07-10,XGBoost
229,708.28857421875,2021-07-10 13:00:00,13,2021-07-10,XGBoost
230,660.2876586914062,2021-07-10 14:00:00,14,2021-07-10,XGBoost
231,748.4949951171875,2021-07-10 15:00:00,15,2021-07-10,XGBoost
232,793.9630126953125,2021-07-10 16:00:00,16,2021-07-10,XGBoost
233,921.0353393554688,2021-07-10 17:00:00,17,2021-07-10,XGBoost
234,809.9754638671875,2021-07-10 18:00:00,18,2021-07-10,XGBoost
235,641.27880859375,2021-07-10 19:00:00,19,2021-07-10,XGBoost
236,483.096435546875,2021-07-10 20:00:00,20,2021-07-10,XGBoost
237,443.29547119140625,2021-07-10 21:00:00,21,2021-07-10,XGBoost
238,380.9136657714844,2021-07-10 22:00:00,22,2021-07-10,XGBoost
239,303.96142578125,2021-07-10 23:00:00,23,2021-07-10,XGBoost
240,200.312255859375,2021-07-11 00:00:00,0,2021-07-11,XGBoost
241,119.37992858886719,2021-07-11 01:00:00,1,2021-07-11,XGBoost
242,91.61087036132812,2021-07-11 02:00:00,2,2021-07-11,XGBoost
243,86.25511169433594,2021-07-11 03:00:00,3,2021-07-11,XGBoost
244,79.34247589111328,2021-07-11 04:00:00,4,2021-07-11,XGBoost
245,150.89523315429688,2021-07-11 05:00:00,5,2021-07-11,XGBoost
246,312.2574768066406,2021-07-11 06:00:00,6,2021-07-11,XGBoost
247,356.0775451660156,2021-07-11 07:00:00,7,2021-07-11,XGBoost
248,397.0136413574219,2021-07-11 08:00:00,8,2021-07-11,XGBoost
249,473.08843994140625,2021-07-11 09:00:00,9,2021-07-11,XGBoost
250,535.2914428710938,2021-07-11 10:00:00,10,2021-07-11,XGBoost
251,673.8008422851562,2021-07-11 11:00:00,11,2021-07-11,XGBoost
252,729.6361083984375,2021-07-11 12:00:00,12,2021-07-11,XGBoost
253,584.7410888671875,2021-07-11 13:00:00,13,2021-07-11,XGBoost
254,576.3939819335938,2021-07-11 14:00:00,14,2021-07-11,XGBoost
255,663.047119140625,2021-07-11 15:00:00,15,2021-07-11,XGBoost
256,750.5478515625,2021-07-11 16:00:00,16,2021-07-11,XGBoost
257,790.51025390625,2021-07-11 17:00:00,17,2021-07-11,XGBoost
258,671.6644897460938,2021-07-11 18:00:00,18,2021-07-11,XGBoost
259,536.44580078125,2021-07-11 19:00:00,19,2021-07-11,XGBoost
260,409.5263977050781,2021-07-11 20:00:00,20,2021-07-11,XGBoost
261,372.59613037109375,2021-07-11 21:00:00,21,2021-07-11,XGBoost
262,320.08575439453125,2021-07-11 22:00:00,22,2021-07-11,XGBoost
263,228.86875915527344,2021-07-11 23:00:00,23,2021-07-11,XGBoost
264,144.96206665039062,2021-07-12 00:00:00,0,2021-07-12,XGBoost
265,81.06889343261719,2021-07-12 01:00:00,1,2021-07-12,XGBoost
266,58.71963119506836,2021-07-12 02:00:00,2,2021-07-12,XGBoost
267,51.813629150390625,2021-07-12 03:00:00,3,2021-07-12,XGBoost
268,91.31365966796875,2021-07-12 04:00:00,4,2021-07-12,XGBoost
269,374.5771484375,2021-07-12 05:00:00,5,2021-07-12,XGBoost
270,864.6967163085938,2021-07-12 06:00:00,6,2021-07-12,XGBoost
271,771.532470703125,2021-07-12 07:00:00,7,2021-07-12,XGBoost
272,463.6976623535156,2021-07-12 08:00:00,8,2021-07-12,XGBoost
273,465.4054260253906,2021-07-12 09:00:00,9,2021-07-12,XGBoost
274,518.4511108398438,2021-07-12 10:00:00,10,2021-07-12,XGBoost
275,639.9822387695312,2021-07-12 11:00:00,11,2021-07-12,XGBoost
276,867.7002563476562,2021-07-12 12:00:00,12,2021-07-12,XGBoost
277,811.09228515625,2021-07-12 13:00:00,13,2021-07-12,XGBoost
278,713.4439697265625,2021-07-12 14:00:00,14,2021-07-12,XGBoost
279,747.369873046875,2021-07-12 15:00:00,15,2021-07-12,XGBoost
280,1012.6491088867188,2021-07-12 16:00:00,16,2021-07-12,XGBoost
281,1060.8367919921875,2021-07-12 17:00:00,17,2021-07-12,XGBoost
282,913.062255859375,2021-07-12 18:00:00,18,2021-07-12,XGBoost
283,682.2723999023438,2021-07-12 19:00:00,19,2021-07-12,XGBoost
284,473.0904235839844,2021-07-12 20:00:00,20,2021-07-12,XGBoost
285,348.5124816894531,2021-07-12 21:00:00,21,2021-07-12,XGBoost
286,266.381103515625,2021-07-12 22:00:00,22,2021-07-12,XGBoost
287,176.55770874023438,2021-07-12 23:00:00,23,2021-07-12,XGBoost
288,95.53907012939453,2021-07-13 00:00:00,0,2021-07-13,XGBoost
289,71.65525817871094,2021-07-13 01:00:00,1,2021-07-13,XGBoost
290,47.45542526245117,2021-07-13 02:00:00,2,2021-07-13,XGBoost
291,49.93070602416992,2021-07-13 03:00:00,3,2021-07-13,XGBoost
292,99.78704071044922,2021-07-13 04:00:00,4,2021-07-13,XGBoost
293,449.3159484863281,2021-07-13 05:00:00,5,2021-07-13,XGBoost
294,1053.8021240234375,2021-07-13 06:00:00,6,2021-07-13,XGBoost
295,888.9989013671875,2021-07-13 07:00:00,7,2021-07-13,XGBoost
296,523.9408569335938,2021-07-13 08:00:00,8,2021-07-13,XGBoost
297,483.73541259765625,2021-07-13 09:00:00,9,2021-07-13,XGBoost
298,525.45703125,2021-07-13 10:00:00,10,2021-07-13,XGBoost
299,681.9829711914062,2021-07-13 11:00:00,11,2021-07-13,XGBoost
300,1025.1761474609375,2021-07-13 12:00:00,12,2021-07-13,XGBoost
301,926.6659545898438,2021-07-13 13:00:00,13,2021-07-13,XGBoost
302,777.921630859375,2021-07-13 14:00:00,14,2021-07-13,XGBoost
303,837.0538940429688,2021-07-13 15:00:00,15,2021-07-13,XGBoost
304,1135.7969970703125,2021-07-13 16:00:00,16,2021-07-13,XGBoost
305,1173.0692138671875,2021-07-13 17:00:00,17,2021-07-13,XGBoost
306,975.0034790039062,2021-07-13 18:00:00,18,2021-07-13,XGBoost
307,720.3665771484375,2021-07-13 19:00:00,19,2021-07-13,XGBoost
308,485.3910217285156,2021-07-13 20:00:00,20,2021-07-13,XGBoost
309,365.8780517578125,2021-07-13 21:00:00,21,2021-07-13,XGBoost
310,299.8979187011719,2021-07-13 22:00:00,22,2021-07-13,XGBoost
311,183.46478271484375,2021-07-13 23:00:00,23,2021-07-13,XGBoost
312,96.25382232666016,2021-07-14 00:00:00,0,2021-07-14,XGBoost
313,70.20582580566406,2021-07-14 01:00:00,1,2021-07-14,XGBoost
314,46.770408630371094,2021-07-14 02:00:00,2,2021-07-14,XGBoost
315,50.130550384521484,2021-07-14 03:00:00,3,2021-07-14,XGBoost
316,108.98271179199219,2021-07-14 04:00:00,4,2021-07-14,XGBoost
317,501.1734313964844,2021-07-14 05:00:00,5,2021-07-14,XGBoost
318,1101.2012939453125,2021-07-14 06:00:00,6,2021-07-14,XGBoost
319,922.765869140625,2021-07-14 07:00:00,7,2021-07-14,XGBoost
320,562.369873046875,2021-07-14 08:00:00,8,2021-07-14,XGBoost
321,497.9366760253906,2021-07-14 09:00:00,9,2021-07-14,XGBoost
322,532.716552734375,2021-07-14 10:00:00,10,2021-07-14,XGBoost
323,712.2341918945312,2021-07-14 11:00:00,11,2021-07-14,XGBoost
324,1050.5225830078125,2021-07-14 12:00:00,12,2021-07-14,XGBoost
325,925.5264282226562,2021-07-14 13:00:00,13,2021-07-14,XGBoost
326,817.2208251953125,2021-07-14 14:00:00,14,2021-07-14,XGBoost
327,887.5655517578125,2021-07-14 15:00:00,15,2021-07-14,XGBoost
328,1211.3642578125,2021-07-14 16:00:00,16,2021-07-14,XGBoost
329,1229.3154296875,2021-07-14 17:00:00,17,2021-07-14,XGBoost
330,979.0048828125,2021-07-14 18:00:00,18,2021-07-14,XGBoost
331,727.462158203125,2021-07-14 19:00:00,19,2021-07-14,XGBoost
332,487.1641845703125,2021-07-14 20:00:00,20,2021-07-14,XGBoost
333,382.11981201171875,2021-07-14 21:00:00,21,2021-07-14,XGBoost
334,309.6058654785156,2021-07-14 22:00:00,22,2021-07-14,XGBoost
335,187.8382568359375,2021-07-14 23:00:00,23,2021-07-14,XGBoost
